SUBMITTED_BATCH cbbo-1s/PATH.OPT job=OPRA-20260914-CHSLXAEJYY days=259 range=2025-09-15..2026-09-12
SUBMITTED_BATCH cbbo-1s/TWST.OPT job=OPRA-20260914-8GGJ3HVGSH days=259 range=2025-09-15..2026-09-12
SUBMITTED_BATCH cbbo-1s/IONQ.OPT job=OPRA-20260914-6SFLFUSJ8T days=259 range=2025-09-15..2026-09-12
BATCH_FALLBACK_RESUMED job_id=XNAS-20260914-6LSPSP4RFW
BATCH_FALLBACK_RESUMED job_id=XNAS-20260914-4DE6GWDMSF
BATCH_FALLBACK_RESUMED job_id=XNAS-20260914-8RS6YVN8JQ
BATCH_FALLBACK_RESUMED job_id=XNAS-20260914-QGU7JBSN8H
BATCH_FALLBACK_RESUMED job_id=XNAS-20260914-BYXVYSVFMA
BATCH_FALLBACK_RESUMED job_id=XNAS-20260914-CY4VJGUAJE
BATCH_FALLBACK_RESUMED job_id=XNAS-20260914-6N7KJK8TC8
BATCH_FALLBACK_RESUMED job_id=XNAS-20260914-NFU499CRAE
BATCH_FALLBACK_RESUMED job_id=XNAS-20260914-9XQFKJTEHM
BATCH_FALLBACK_RESUMED job_id=XNAS-20260914-95STNJ4FQR
BATCH_FALLBACK_RESUMED job_id=XNAS-20260914-7K94R5EH58
BATCH_FALLBACK_RESUMED job_id=XNAS-20260914-S6B5DL5W6B
BATCH_FALLBACK_RESUMED job_id=XNAS-20260914-5GQY54GDSX
BATCH_FALLBACK_RESUMED job_id=XNAS-20260914-TGAJ6CNSFK
BATCH_FALLBACK_RESUMED job_id=XNAS-20260914-PFEGJTLVVN
BATCH_FALLBACK_RESUMED job_id=XNAS-20260914-RY9NSX47Q7
BATCH_FALLBACK_RESUMED job_id=XNAS-20260914-PJTNWQSXVA
BATCH_FALLBACK_RESUMED job_id=XNAS-20260914-G7N8CF63TT
BATCH_FALLBACK_RESUMED job_id=XNAS-20260914-A39MHAFFEJ
BATCH_FALLBACK_RESUMED job_id=XNAS-20260914-JNH9JNL5CW
BATCH_FALLBACK_RESUMED job_id=XNAS-20260914-BGHTUAJAEM
BATCH_FALLBACK_RESUMED job_id=XNAS-20260914-W7BYXFDYPW
BATCH_FALLBACK_RESUMED job_id=XNAS-20260914-JYPXGFR3HF
BATCH_FALLBACK_RESUMED job_id=XNAS-20260914-383M4ETWHA
BATCH_FALLBACK_RESUMED job_id=XNAS-20260914-V6RV9E3K5V
BATCH_FALLBACK_RESUMED job_id=XNAS-20260914-9HPTWQDWU7
BATCH_FALLBACK_RESUMED job_id=XNAS-20260914-347YEGNX9P
BATCH_FALLBACK_RESUMED job_id=XNAS-20260914-QNP6W383PX
BATCH_FALLBACK_RESUMED job_id=XNAS-20260914-H47Y7RWLJW
BATCH_FALLBACK_RESUMED job_id=XNAS-20260914-HAJMTDYBX8
BATCH_FALLBACK_RESUMED job_id=XNAS-20260914-QQCB9YBFC6
BATCH_FALLBACK_RESUMED job_id=XNAS-20260914-3VWHHUXE6G
BATCH_FALLBACK_RESUMED job_id=XNAS-20260914-F3WV57QAP9
BATCH_FALLBACK_RESUMED job_id=XNAS-20260914-SCJ9W7AEGX
BATCH_FALLBACK_RESUMED job_id=XNAS-20260914-X9NG9M5NKD
BATCH_FALLBACK_RESUMED job_id=XNAS-20260914-EUHR5NUETE
BATCH_FALLBACK_RESUMED job_id=XNAS-20260914-ULVTRARV9M
BATCH_FALLBACK_RESUMED job_id=XNAS-20260914-JRA8KMW6ES
BATCH_FALLBACK_RESUMED job_id=XNAS-20260914-CEJPVRY5G6
BATCH_FALLBACK_RESUMED job_id=XNAS-20260914-48VDCAXFV3
BATCH_FALLBACK_RESUMED job_id=XNAS-20260914-6VF5Y9N5JD
BATCH_FALLBACK_RESUMED job_id=XNAS-20260914-9TXDSHDDD3
BATCH_FALLBACK_RESUMED job_id=XNAS-20260914-WSRPRSR5QD
BATCH_FALLBACK_RESUMED job_id=XNAS-20260914-V6Y66AK3QD
BATCH_FALLBACK_RESUMED job_id=XNAS-20260914-NCKKV7P4GB
BATCH_FALLBACK_RESUMED job_id=XNAS-20260914-VDMHH7KW55
BATCH_FALLBACK_RESUMED job_id=XNAS-20260914-BPP7H4A4ML
BATCH_FALLBACK_RESUMED job_id=XNAS-20260914-3WVX45KSK4
BATCH_FALLBACK_RESUMED job_id=XNAS-20260914-T86XBE5R3P
BATCH_FALLBACK_RESUMED job_id=XNAS-20260914-MWN8V9LDWB
BATCH_FALLBACK_RESUMED job_id=XNAS-20260914-T6QQYVM3E7
BATCH_FALLBACK_RESUMED job_id=XNAS-20260914-WNUAT5WEXK
BATCH_FALLBACK_RESUMED job_id=XNAS-20260914-4LLAQFXNSY
BATCH_FALLBACK_RESUMED job_id=XNAS-20260914-WC4TELWEEH
BATCH_FALLBACK_RESUMED job_id=XNAS-20260914-5B9GNGRYEK
BATCH_FALLBACK_RESUMED job_id=XNAS-20260914-65KY8VYWTE
ONBOARDING OPRA.PILLAR/definition 2018-01-01 to 2026-09-12
BATCH_SCAN definition/CROX.OPT verified_existing=2181 verified_no_data=37 missing=0
ONBOARDING OPRA.PILLAR/ohlcv-1h 2018-01-01 to 2026-09-12
BATCH_SCAN ohlcv-1h/CROX.OPT verified_existing=2181 verified_no_data=37 missing=0
ONBOARDING OPRA.PILLAR/cbbo-1m 2025-09-14 to 2026-09-12
BATCH_SCAN cbbo-1m/CROX.OPT verified_existing=249 verified_no_data=10 missing=0
ONBOARDING OPRA.PILLAR/ohlcv-1s 2018-01-01 to 2026-09-12
BATCH_SCAN ohlcv-1s/CROX.OPT verified_existing=2181 verified_no_data=37 missing=0
ONBOARDING OPRA.PILLAR/ohlcv-1m 2018-01-01 to 2026-09-12
BATCH_SCAN ohlcv-1m/CROX.OPT verified_existing=2181 verified_no_data=37 missing=0
ONBOARDING OPRA.PILLAR/ohlcv-1d 2018-01-01 to 2026-09-12
BATCH_SCAN ohlcv-1d/CROX.OPT verified_existing=2181 verified_no_data=37 missing=0
ONBOARDING OPRA.PILLAR/statistics 2018-01-01 to 2026-09-12
BATCH_SCAN statistics/CROX.OPT verified_existing=2181 verified_no_data=37 missing=0
ONBOARDING OPRA.PILLAR/status 2024-07-17 to 2026-09-12
BATCH_SCAN status/CROX.OPT verified_existing=493 verified_no_data=70 missing=0
ONBOARDING OPRA.PILLAR/tcbbo 2025-09-14 to 2026-09-12
BATCH_SCAN tcbbo/CROX.OPT verified_existing=249 verified_no_data=10 missing=0
ONBOARDING OPRA.PILLAR/cbbo-1s 2025-09-14 to 2026-09-12
BATCH_SCAN cbbo-1s/CROX.OPT verified_existing=118 verified_no_data=0 missing=141
STREAMING_SHORT_GAP cbbo-1s/CROX.OPT days=1 range=2025-11-27..2025-11-27
NO_DATA cbbo-1s/2025-11-27 provider returned no resolvable parent-symbol data
STREAMING_SHORT_GAP cbbo-1s/CROX.OPT days=1 range=2025-12-25..2025-12-25
NO_DATA cbbo-1s/2025-12-25 provider returned no resolvable parent-symbol data
STREAMING_SHORT_GAP cbbo-1s/CROX.OPT days=1 range=2026-01-01..2026-01-01
NO_DATA cbbo-1s/2026-01-01 provider returned no resolvable parent-symbol data
STREAMING_SHORT_GAP cbbo-1s/CROX.OPT days=1 range=2026-01-19..2026-01-19
NO_DATA cbbo-1s/2026-01-19 provider returned no resolvable parent-symbol data
STREAMING_SHORT_GAP cbbo-1s/CROX.OPT days=1 range=2026-02-16..2026-02-16
NO_DATA cbbo-1s/2026-02-16 provider returned no resolvable parent-symbol data
SUBMITTED_BATCH cbbo-1s/CROX.OPT job=OPRA-20260914-DLK5RBNH9M days=136 range=2026-03-06..2026-09-12
WAITING_BATCH job=OPRA-20260914-DLK5RBNH9M state=queued progress=0
WAITING_BATCH job=OPRA-20260914-DLK5RBNH9M state=processing progress=23
WAITING_BATCH job=OPRA-20260914-DLK5RBNH9M state=processing progress=24
WAITING_BATCH job=OPRA-20260914-DLK5RBNH9M state=processing progress=25
WAITING_BATCH job=OPRA-20260914-DLK5RBNH9M state=processing progress=26
WAITING_BATCH job=OPRA-20260914-DLK5RBNH9M state=processing progress=27
WAITING_BATCH job=OPRA-20260914-DLK5RBNH9M state=processing progress=28
WAITING_BATCH job=OPRA-20260914-DLK5RBNH9M state=processing progress=29
WAITING_BATCH job=OPRA-20260914-DLK5RBNH9M state=processing progress=30
WAITING_BATCH job=OPRA-20260914-DLK5RBNH9M state=processing progress=31
WAITING_BATCH job=OPRA-20260914-DLK5RBNH9M state=processing progress=32
WAITING_BATCH job=OPRA-20260914-DLK5RBNH9M state=processing progress=33
WAITING_BATCH job=OPRA-20260914-DLK5RBNH9M state=processing progress=34
WAITING_BATCH job=OPRA-20260914-DLK5RBNH9M state=processing progress=35
WAITING_BATCH job=OPRA-20260914-DLK5RBNH9M state=processing progress=36
WAITING_BATCH job=OPRA-20260914-DLK5RBNH9M state=processing progress=37
WAITING_BATCH job=OPRA-20260914-DLK5RBNH9M state=processing progress=38
WAITING_BATCH job=OPRA-20260914-DLK5RBNH9M state=processing progress=39
WAITING_BATCH job=OPRA-20260914-DLK5RBNH9M state=processing progress=40
WAITING_BATCH job=OPRA-20260914-DLK5RBNH9M state=processing progress=41
WAITING_BATCH job=OPRA-20260914-DLK5RBNH9M state=processing progress=42
WAITING_BATCH job=OPRA-20260914-DLK5RBNH9M state=processing progress=43
WAITING_BATCH job=OPRA-20260914-DLK5RBNH9M state=processing progress=44
WAITING_BATCH job=OPRA-20260914-DLK5RBNH9M state=processing progress=45
WAITING_BATCH job=OPRA-20260914-DLK5RBNH9M state=processing progress=46
WAITING_BATCH job=OPRA-20260914-DLK5RBNH9M state=processing progress=47
WAITING_BATCH job=OPRA-20260914-DLK5RBNH9M state=processing progress=48
WAITING_BATCH job=OPRA-20260914-DLK5RBNH9M state=processing progress=49
WAITING_BATCH job=OPRA-20260914-DLK5RBNH9M state=processing progress=50
WAITING_BATCH job=OPRA-20260914-DLK5RBNH9M state=processing progress=51
WAITING_BATCH job=OPRA-20260914-DLK5RBNH9M state=processing progress=52
WAITING_BATCH job=OPRA-20260914-DLK5RBNH9M state=processing progress=53
WAITING_BATCH job=OPRA-20260914-DLK5RBNH9M state=processing progress=54
WAITING_BATCH job=OPRA-20260914-DLK5RBNH9M state=processing progress=55
WAITING_BATCH job=OPRA-20260914-DLK5RBNH9M state=processing progress=56
WAITING_BATCH job=OPRA-20260914-DLK5RBNH9M state=processing progress=57
WAITING_BATCH job=OPRA-20260914-DLK5RBNH9M state=processing progress=59
WAITING_BATCH job=OPRA-20260914-DLK5RBNH9M state=processing progress=60
WAITING_BATCH job=OPRA-20260914-DLK5RBNH9M state=processing progress=61
WAITING_BATCH job=OPRA-20260914-DLK5RBNH9M state=processing progress=62
WAITING_BATCH job=OPRA-20260914-DLK5RBNH9M state=processing progress=63
WAITING_BATCH job=OPRA-20260914-DLK5RBNH9M state=processing progress=64
WAITING_BATCH job=OPRA-20260914-DLK5RBNH9M state=processing progress=65
WAITING_BATCH job=OPRA-20260914-DLK5RBNH9M state=processing progress=66
WAITING_BATCH job=OPRA-20260914-DLK5RBNH9M state=processing progress=67
WAITING_BATCH job=OPRA-20260914-DLK5RBNH9M state=processing progress=68
WAITING_BATCH job=OPRA-20260914-DLK5RBNH9M state=processing progress=69
WAITING_BATCH job=OPRA-20260914-DLK5RBNH9M state=processing progress=70
WAITING_BATCH job=OPRA-20260914-DLK5RBNH9M state=processing progress=71
WAITING_BATCH job=OPRA-20260914-DLK5RBNH9M state=processing progress=72
WAITING_BATCH job=OPRA-20260914-DLK5RBNH9M state=processing progress=73
WAITING_BATCH job=OPRA-20260914-DLK5RBNH9M state=processing progress=74
WAITING_BATCH job=OPRA-20260914-DLK5RBNH9M state=processing progress=75
WAITING_BATCH job=OPRA-20260914-DLK5RBNH9M state=processing progress=76
WAITING_BATCH job=OPRA-20260914-DLK5RBNH9M state=processing progress=77
WAITING_BATCH job=OPRA-20260914-DLK5RBNH9M state=processing progress=78
WAITING_BATCH job=OPRA-20260914-DLK5RBNH9M state=processing progress=79
WAITING_BATCH job=OPRA-20260914-DLK5RBNH9M state=processing progress=80
WAITING_BATCH job=OPRA-20260914-DLK5RBNH9M state=processing progress=81
WAITING_BATCH job=OPRA-20260914-DLK5RBNH9M state=processing progress=82
WAITING_BATCH job=OPRA-20260914-DLK5RBNH9M state=processing progress=83
WAITING_BATCH job=OPRA-20260914-DLK5RBNH9M state=processing progress=84
WAITING_BATCH job=OPRA-20260914-DLK5RBNH9M state=processing progress=85
WAITING_BATCH job=OPRA-20260914-DLK5RBNH9M state=processing progress=86
WAITING_BATCH job=OPRA-20260914-DLK5RBNH9M state=processing progress=87
WAITING_BATCH job=OPRA-20260914-DLK5RBNH9M state=processing progress=88
WAITING_BATCH job=OPRA-20260914-DLK5RBNH9M state=processing progress=89
WAITING_BATCH job=OPRA-20260914-DLK5RBNH9M state=processing progress=90
WAITING_BATCH job=OPRA-20260914-DLK5RBNH9M state=processing progress=91
WAITING_BATCH job=OPRA-20260914-DLK5RBNH9M state=processing progress=92
WAITING_BATCH job=OPRA-20260914-DLK5RBNH9M state=processing progress=93
WAITING_BATCH job=OPRA-20260914-DLK5RBNH9M state=processing progress=94
WAITING_BATCH job=OPRA-20260914-DLK5RBNH9M state=processing progress=95
WAITING_BATCH job=OPRA-20260914-DLK5RBNH9M state=processing progress=96
WAITING_BATCH job=OPRA-20260914-DLK5RBNH9M state=processing progress=97
WAITING_BATCH job=OPRA-20260914-DLK5RBNH9M state=processing progress=98
WAITING_BATCH job=OPRA-20260914-DLK5RBNH9M state=processing progress=99
WAITING_BATCH job=OPRA-20260914-DLK5RBNH9M state=processing progress=100
WAITING_BATCH job=OPRA-20260914-DLK5RBNH9M state=done progress=100
DOWNLOADING_BATCH cbbo-1s/CROX.OPT job=OPRA-20260914-DLK5RBNH9M files=131 bytes=646432504
BATCH_PROGRESS cbbo-1s/CROX.OPT job=OPRA-20260914-DLK5RBNH9M files=25/131 rows=17893860
BATCH_PROGRESS cbbo-1s/CROX.OPT job=OPRA-20260914-DLK5RBNH9M files=50/131 rows=34505088
BATCH_PROGRESS cbbo-1s/CROX.OPT job=OPRA-20260914-DLK5RBNH9M files=75/131 rows=52988405
BATCH_PROGRESS cbbo-1s/CROX.OPT job=OPRA-20260914-DLK5RBNH9M files=100/131 rows=61927101
BATCH_PROGRESS cbbo-1s/CROX.OPT job=OPRA-20260914-DLK5RBNH9M files=125/131 rows=70312136
BATCH_PROGRESS cbbo-1s/CROX.OPT job=OPRA-20260914-DLK5RBNH9M files=131/131 rows=71784681
COMPLETED_BATCH cbbo-1s/CROX.OPT job=OPRA-20260914-DLK5RBNH9M published=131 no_data=5
ONBOARDING OPRA.PILLAR/trades 2025-09-14 to 2026-09-12
BATCH_SCAN trades/CROX.OPT verified_existing=0 verified_no_data=0 missing=259
WAITING_BATCH job=OPRA-20260914-GBLF7RWDDK state=done progress=100
IGNORED_UNAVAILABLE_BATCH_FILES trades/CROX.OPT job=OPRA-20260914-GBLF7RWDDK files=1
BATCH_PROGRESS trades/CROX.OPT job=OPRA-20260914-GBLF7RWDDK files=25/249 rows=48727
BATCH_PROGRESS trades/CROX.OPT job=OPRA-20260914-GBLF7RWDDK files=50/249 rows=81661
BATCH_PROGRESS trades/CROX.OPT job=OPRA-20260914-GBLF7RWDDK files=75/249 rows=107851
BATCH_PROGRESS trades/CROX.OPT job=OPRA-20260914-GBLF7RWDDK files=100/249 rows=124957
BATCH_PROGRESS trades/CROX.OPT job=OPRA-20260914-GBLF7RWDDK files=125/249 rows=144711
BATCH_PROGRESS trades/CROX.OPT job=OPRA-20260914-GBLF7RWDDK files=150/249 rows=158915
BATCH_PROGRESS trades/CROX.OPT job=OPRA-20260914-GBLF7RWDDK files=175/249 rows=170343
BATCH_PROGRESS trades/CROX.OPT job=OPRA-20260914-GBLF7RWDDK files=200/249 rows=181193
BATCH_PROGRESS trades/CROX.OPT job=OPRA-20260914-GBLF7RWDDK files=225/249 rows=190507
BATCH_PROGRESS trades/CROX.OPT job=OPRA-20260914-GBLF7RWDDK files=249/249 rows=196319
COMPLETED_BATCH trades/CROX.OPT job=OPRA-20260914-GBLF7RWDDK published=249 no_data=10
ONBOARDING XNAS.ITCH/ohlcv-1s 2018-05-01 to 2026-09-12
USING_BATCH_FALLBACK XNAS.ITCH/ohlcv-1s/CROX; retained_matching_partials=0
BATCH_FALLBACK_RESUMED job_id=XNAS-20260914-6LSPSP4RFW
BATCH_FALLBACK_READY job_id=XNAS-20260914-6LSPSP4RFW
ONBOARDING XNAS.ITCH/ohlcv-1m 2018-05-01 to 2026-09-12
USING_BATCH_FALLBACK XNAS.ITCH/ohlcv-1m/CROX; retained_matching_partials=0
BATCH_FALLBACK_RESUMED job_id=XNAS-20260914-4DE6GWDMSF
BATCH_FALLBACK_READY job_id=XNAS-20260914-4DE6GWDMSF
ONBOARDING XNAS.ITCH/ohlcv-1h 2018-05-01 to 2026-09-12
USING_BATCH_FALLBACK XNAS.ITCH/ohlcv-1h/CROX; retained_matching_partials=0
BATCH_FALLBACK_RESUMED job_id=XNAS-20260914-8RS6YVN8JQ
BATCH_FALLBACK_READY job_id=XNAS-20260914-8RS6YVN8JQ
ONBOARDING XNAS.ITCH/ohlcv-1d 2018-05-01 to 2026-09-12
USING_BATCH_FALLBACK XNAS.ITCH/ohlcv-1d/CROX; retained_matching_partials=0
BATCH_FALLBACK_RESUMED job_id=XNAS-20260914-QGU7JBSN8H
BATCH_FALLBACK_READY job_id=XNAS-20260914-QGU7JBSN8H
ONBOARDING XNAS.ITCH/definition 2018-05-01 to 2026-09-12
USING_BATCH_FALLBACK XNAS.ITCH/definition/CROX; retained_matching_partials=0
BATCH_FALLBACK_RESUMED job_id=XNAS-20260914-BYXVYSVFMA
BATCH_FALLBACK_READY job_id=XNAS-20260914-BYXVYSVFMA
ONBOARDING XNAS.ITCH/statistics 2018-05-01 to 2026-09-12
USING_BATCH_FALLBACK XNAS.ITCH/statistics/CROX; retained_matching_partials=0
BATCH_FALLBACK_RESUMED job_id=XNAS-20260914-CY4VJGUAJE
BATCH_FALLBACK_READY job_id=XNAS-20260914-CY4VJGUAJE
ONBOARDING XNAS.ITCH/status 2018-05-01 to 2026-09-12
USING_BATCH_FALLBACK XNAS.ITCH/status/CROX; retained_matching_partials=0
BATCH_FALLBACK_RESUMED job_id=XNAS-20260914-6N7KJK8TC8
BATCH_FALLBACK_READY job_id=XNAS-20260914-6N7KJK8TC8
ONBOARDING XNAS.ITCH/tbbo 2025-09-14 to 2026-09-12
USING_BATCH_FALLBACK XNAS.ITCH/tbbo/CROX; retained_matching_partials=0
BATCH_FALLBACK_RESUMED job_id=XNAS-20260914-NFU499CRAE
BATCH_FALLBACK_READY job_id=XNAS-20260914-NFU499CRAE
ONBOARDING XNAS.ITCH/bbo-1s 2025-09-14 to 2026-09-12
USING_BATCH_FALLBACK XNAS.ITCH/bbo-1s/CROX; retained_matching_partials=0
BATCH_FALLBACK_RESUMED job_id=XNAS-20260914-9XQFKJTEHM
BATCH_FALLBACK_READY job_id=XNAS-20260914-9XQFKJTEHM
ONBOARDING XNAS.ITCH/bbo-1m 2025-09-14 to 2026-09-12
USING_BATCH_FALLBACK XNAS.ITCH/bbo-1m/CROX; retained_matching_partials=0
BATCH_FALLBACK_RESUMED job_id=XNAS-20260914-95STNJ4FQR
BATCH_FALLBACK_READY job_id=XNAS-20260914-95STNJ4FQR
ONBOARDING XNAS.ITCH/trades 2025-09-14 to 2026-09-12
USING_BATCH_FALLBACK XNAS.ITCH/trades/CROX; retained_matching_partials=0
BATCH_FALLBACK_RESUMED job_id=XNAS-20260914-7K94R5EH58
BATCH_FALLBACK_READY job_id=XNAS-20260914-7K94R5EH58
ONBOARDING XNAS.ITCH/mbp-10 2026-08-14 to 2026-09-12
USING_BATCH_FALLBACK XNAS.ITCH/mbp-10/CROX; retained_matching_partials=0
BATCH_FALLBACK_RESUMED job_id=XNAS-20260914-S6B5DL5W6B
BATCH_FALLBACK_READY job_id=XNAS-20260914-S6B5DL5W6B
ONBOARDING XNAS.ITCH/mbo 2026-08-14 to 2026-09-12
USING_BATCH_FALLBACK XNAS.ITCH/mbo/CROX; retained_matching_partials=0
BATCH_FALLBACK_RESUMED job_id=XNAS-20260914-5GQY54GDSX
BATCH_FALLBACK_READY job_id=XNAS-20260914-5GQY54GDSX
ONBOARDING XNAS.ITCH/imbalance 2026-08-14 to 2026-09-12
USING_BATCH_FALLBACK XNAS.ITCH/imbalance/CROX; retained_matching_partials=0
BATCH_FALLBACK_RESUMED job_id=XNAS-20260914-TGAJ6CNSFK
BATCH_FALLBACK_READY job_id=XNAS-20260914-TGAJ6CNSFK
[PATH/databento] fetching...
[databento/archive-bridge] cold archive retained as provenance; operational_dataset=EQUS.MINI; archive_dataset=XNAS.ITCH
[2026-09-14T07:01:43.505932Z] START provider.request name="equities dataset-range metadata" src=databento/dataset-range try=1
[2026-09-14T07:01:51.669567Z] END   provider.request name="equities dataset-range metadata" src=databento/dataset-range try=1 elapsed=8163.1ms rows=3 op=fetched status=ok
[PATH/databento/source_100d_1m_ohlcv-1m_1m] no stored dataset; requesting configured history
[2026-09-14T07:01:51.670107Z] START provider.request name="PATH ohlcv-1m/1m" sym=PATH src=databento/ohlcv-1m req=2026-06-04T00:00:00Z..2026-09-12T00:00:00Z try=1
[2026-09-14T07:01:56.619384Z] END   provider.request name="PATH ohlcv-1m/1m" sym=PATH src=databento/ohlcv-1m req=2026-06-04T00:00:00Z..2026-09-12T00:00:00Z try=1 elapsed=4949.0ms rows=27260 op=fetched status=ok
[PATH/databento/source_10d_1s_ohlcv-1s_1s] no stored dataset; requesting configured history
[2026-09-14T07:02:11.502038Z] START provider.request name="PATH ohlcv-1s/1s" sym=PATH src=databento/ohlcv-1s req=2026-09-02T00:00:00Z..2026-09-12T00:00:00Z try=1
[2026-09-14T07:02:15.638098Z] END   provider.request name="PATH ohlcv-1s/1s" sym=PATH src=databento/ohlcv-1s req=2026-09-02T00:00:00Z..2026-09-12T00:00:00Z try=1 elapsed=4135.8ms rows=23763 op=fetched status=ok
[PATH/databento/source_1825d_1h_ohlcv-1h_1h] no stored dataset; requesting configured history
[2026-09-14T07:02:15.638591Z] START provider.request name="PATH ohlcv-1h/1h" sym=PATH src=databento/ohlcv-1h req=2023-03-28T00:00:00Z..2026-09-12T00:00:00Z try=1
C:\dev\ducketz\app\services\databento_market_data.py:128: BentoWarning: The streaming request contained one or more days which have reduced quality: 2025-03-24 (degraded), 2025-04-04 (degraded), 2025-05-06 (degraded)... See: https://databento.com/docs/api-reference-historical/metadata/metadata-get-dataset-condition
  store = self._client().timeseries.get_range(dataset=self.dataset, schema=spec.schema, symbols=[clean_symbol], stype_in="raw_symbol", start=selected_range.start.isoformat(), end=selected_range.end.isoformat())
[2026-09-14T07:02:18.873100Z] END   provider.request name="PATH ohlcv-1h/1h" sym=PATH src=databento/ohlcv-1h req=2023-03-28T00:00:00Z..2026-09-12T00:00:00Z try=1 elapsed=3234.3ms rows=8381 op=fetched status=ok
[PATH/databento/source_2555d_1d_ohlcv-1d_1d] no stored dataset; requesting configured history
[2026-09-14T07:02:18.873633Z] START provider.request name="PATH ohlcv-1d/1d" sym=PATH src=databento/ohlcv-1d req=2023-03-28T00:00:00Z..2026-09-12T00:00:00Z try=1
C:\dev\ducketz\app\services\databento_market_data.py:128: BentoWarning: The streaming request contained one or more days which have reduced quality: 2025-03-24 (degraded), 2025-04-04 (degraded), 2025-05-06 (degraded)... See: https://databento.com/docs/api-reference-historical/metadata/metadata-get-dataset-condition
  store = self._client().timeseries.get_range(dataset=self.dataset, schema=spec.schema, symbols=[clean_symbol], stype_in="raw_symbol", start=selected_range.start.isoformat(), end=selected_range.end.isoformat())
[2026-09-14T07:02:22.654757Z] END   provider.request name="PATH ohlcv-1d/1d" sym=PATH src=databento/ohlcv-1d req=2023-03-28T00:00:00Z..2026-09-12T00:00:00Z try=1 elapsed=3780.9ms rows=868 op=fetched status=ok
[databento/bar-consolidation] symbol=PATH; shadowed_derived_rows_removed=739; derived_gap_rows_retained=365
[PATH/fmp] fetching...
[PATH/schwab] fetching...
[PATH/schwab/day_10_minute_1] no stored dataset; requesting configured history
[PATH/schwab/day_10_minute_5] no stored dataset; requesting configured history
[PATH/schwab/day_10_minute_10] no stored dataset; requesting configured history
[PATH/schwab/day_10_minute_15] no stored dataset; requesting configured history
[PATH/schwab/day_10_minute_30] no stored dataset; requesting configured history
[PATH/schwab/year_20_daily_1] no stored dataset; requesting configured history
[PATH/schwab/year_20_weekly_1] no stored dataset; requesting configured history
[PATH/schwab/year_20_monthly_1] no stored dataset; requesting configured history
[PATH/schwab/options] 656 contracts at decision time 2026-09-11T20:00:00+00:00 -> C:\DATASTORE\stocks\PATH\options\features\option-quality\schwab\2026-09.parquet
[PATH/sec] fetching...
ONBOARDING OPRA.PILLAR/definition 2021-04-21 to 2026-09-12
BATCH_SCAN definition/PATH.OPT verified_existing=0 verified_no_data=0 missing=1389
WAITING_BATCH job=OPRA-20260914-LG5ANLBF77 state=done progress=100
IGNORED_UNAVAILABLE_BATCH_FILES definition/PATH.OPT job=OPRA-20260914-LG5ANLBF77 files=3
BATCH_PROGRESS definition/PATH.OPT job=OPRA-20260914-LG5ANLBF77 files=25/1348 rows=4230
BATCH_PROGRESS definition/PATH.OPT job=OPRA-20260914-LG5ANLBF77 files=50/1348 rows=10220
BATCH_PROGRESS definition/PATH.OPT job=OPRA-20260914-LG5ANLBF77 files=75/1348 rows=17456
BATCH_PROGRESS definition/PATH.OPT job=OPRA-20260914-LG5ANLBF77 files=100/1348 rows=24568
BATCH_PROGRESS definition/PATH.OPT job=OPRA-20260914-LG5ANLBF77 files=125/1348 rows=32052
BATCH_PROGRESS definition/PATH.OPT job=OPRA-20260914-LG5ANLBF77 files=150/1348 rows=39472
BATCH_PROGRESS definition/PATH.OPT job=OPRA-20260914-LG5ANLBF77 files=175/1348 rows=46142
BATCH_PROGRESS definition/PATH.OPT job=OPRA-20260914-LG5ANLBF77 files=200/1348 rows=52914
BATCH_PROGRESS definition/PATH.OPT job=OPRA-20260914-LG5ANLBF77 files=225/1348 rows=59510
BATCH_PROGRESS definition/PATH.OPT job=OPRA-20260914-LG5ANLBF77 files=250/1348 rows=66566
BATCH_PROGRESS definition/PATH.OPT job=OPRA-20260914-LG5ANLBF77 files=275/1348 rows=74122
BATCH_PROGRESS definition/PATH.OPT job=OPRA-20260914-LG5ANLBF77 files=300/1348 rows=81184
BATCH_PROGRESS definition/PATH.OPT job=OPRA-20260914-LG5ANLBF77 files=325/1348 rows=87960
BATCH_PROGRESS definition/PATH.OPT job=OPRA-20260914-LG5ANLBF77 files=350/1348 rows=94616
BATCH_PROGRESS definition/PATH.OPT job=OPRA-20260914-LG5ANLBF77 files=375/1348 rows=101492
BATCH_PROGRESS definition/PATH.OPT job=OPRA-20260914-LG5ANLBF77 files=400/1348 rows=107654
BATCH_PROGRESS definition/PATH.OPT job=OPRA-20260914-LG5ANLBF77 files=425/1348 rows=112944
BATCH_PROGRESS definition/PATH.OPT job=OPRA-20260914-LG5ANLBF77 files=450/1348 rows=117254
BATCH_PROGRESS definition/PATH.OPT job=OPRA-20260914-LG5ANLBF77 files=475/1348 rows=121132
BATCH_PROGRESS definition/PATH.OPT job=OPRA-20260914-LG5ANLBF77 files=500/1348 rows=125296
BATCH_PROGRESS definition/PATH.OPT job=OPRA-20260914-LG5ANLBF77 files=525/1348 rows=129924
BATCH_PROGRESS definition/PATH.OPT job=OPRA-20260914-LG5ANLBF77 files=550/1348 rows=142910
BATCH_PROGRESS definition/PATH.OPT job=OPRA-20260914-LG5ANLBF77 files=575/1348 rows=158694
BATCH_PROGRESS definition/PATH.OPT job=OPRA-20260914-LG5ANLBF77 files=600/1348 rows=176064
BATCH_PROGRESS definition/PATH.OPT job=OPRA-20260914-LG5ANLBF77 files=625/1348 rows=198342
BATCH_PROGRESS definition/PATH.OPT job=OPRA-20260914-LG5ANLBF77 files=650/1348 rows=219064
BATCH_PROGRESS definition/PATH.OPT job=OPRA-20260914-LG5ANLBF77 files=675/1348 rows=239840
BATCH_PROGRESS definition/PATH.OPT job=OPRA-20260914-LG5ANLBF77 files=700/1348 rows=257592
BATCH_PROGRESS definition/PATH.OPT job=OPRA-20260914-LG5ANLBF77 files=725/1348 rows=274712
BATCH_PROGRESS definition/PATH.OPT job=OPRA-20260914-LG5ANLBF77 files=750/1348 rows=292650
BATCH_PROGRESS definition/PATH.OPT job=OPRA-20260914-LG5ANLBF77 files=775/1348 rows=311224
BATCH_PROGRESS definition/PATH.OPT job=OPRA-20260914-LG5ANLBF77 files=800/1348 rows=331364
BATCH_PROGRESS definition/PATH.OPT job=OPRA-20260914-LG5ANLBF77 files=825/1348 rows=349368
BATCH_PROGRESS definition/PATH.OPT job=OPRA-20260914-LG5ANLBF77 files=850/1348 rows=366454
BATCH_PROGRESS definition/PATH.OPT job=OPRA-20260914-LG5ANLBF77 files=875/1348 rows=383506
BATCH_PROGRESS definition/PATH.OPT job=OPRA-20260914-LG5ANLBF77 files=900/1348 rows=400926
BATCH_PROGRESS definition/PATH.OPT job=OPRA-20260914-LG5ANLBF77 files=925/1348 rows=418176
BATCH_PROGRESS definition/PATH.OPT job=OPRA-20260914-LG5ANLBF77 files=950/1348 rows=436514
BATCH_PROGRESS definition/PATH.OPT job=OPRA-20260914-LG5ANLBF77 files=975/1348 rows=454464
BATCH_PROGRESS definition/PATH.OPT job=OPRA-20260914-LG5ANLBF77 files=1000/1348 rows=472756
BATCH_PROGRESS definition/PATH.OPT job=OPRA-20260914-LG5ANLBF77 files=1025/1348 rows=489160
BATCH_PROGRESS definition/PATH.OPT job=OPRA-20260914-LG5ANLBF77 files=1050/1348 rows=506244
BATCH_PROGRESS definition/PATH.OPT job=OPRA-20260914-LG5ANLBF77 files=1075/1348 rows=522892
BATCH_PROGRESS definition/PATH.OPT job=OPRA-20260914-LG5ANLBF77 files=1100/1348 rows=537978
BATCH_PROGRESS definition/PATH.OPT job=OPRA-20260914-LG5ANLBF77 files=1125/1348 rows=556212
BATCH_PROGRESS definition/PATH.OPT job=OPRA-20260914-LG5ANLBF77 files=1150/1348 rows=575708
BATCH_PROGRESS definition/PATH.OPT job=OPRA-20260914-LG5ANLBF77 files=1175/1348 rows=596022
BATCH_PROGRESS definition/PATH.OPT job=OPRA-20260914-LG5ANLBF77 files=1200/1348 rows=614262
BATCH_PROGRESS definition/PATH.OPT job=OPRA-20260914-LG5ANLBF77 files=1225/1348 rows=632526
BATCH_PROGRESS definition/PATH.OPT job=OPRA-20260914-LG5ANLBF77 files=1250/1348 rows=650536
BATCH_PROGRESS definition/PATH.OPT job=OPRA-20260914-LG5ANLBF77 files=1275/1348 rows=667202
BATCH_PROGRESS definition/PATH.OPT job=OPRA-20260914-LG5ANLBF77 files=1300/1348 rows=685828
BATCH_PROGRESS definition/PATH.OPT job=OPRA-20260914-LG5ANLBF77 files=1325/1348 rows=704118
BATCH_PROGRESS definition/PATH.OPT job=OPRA-20260914-LG5ANLBF77 files=1348/1348 rows=721872
COMPLETED_BATCH definition/PATH.OPT job=OPRA-20260914-LG5ANLBF77 published=1348 no_data=41
ONBOARDING OPRA.PILLAR/ohlcv-1h 2021-04-21 to 2026-09-12
BATCH_SCAN ohlcv-1h/PATH.OPT verified_existing=0 verified_no_data=0 missing=1389
WAITING_BATCH job=OPRA-20260914-UVHSMCPPKJ state=done progress=100
IGNORED_UNAVAILABLE_BATCH_FILES ohlcv-1h/PATH.OPT job=OPRA-20260914-UVHSMCPPKJ files=3
BATCH_PROGRESS ohlcv-1h/PATH.OPT job=OPRA-20260914-UVHSMCPPKJ files=25/1348 rows=9904
BATCH_PROGRESS ohlcv-1h/PATH.OPT job=OPRA-20260914-UVHSMCPPKJ files=50/1348 rows=31666
BATCH_PROGRESS ohlcv-1h/PATH.OPT job=OPRA-20260914-UVHSMCPPKJ files=75/1348 rows=47912
BATCH_PROGRESS ohlcv-1h/PATH.OPT job=OPRA-20260914-UVHSMCPPKJ files=100/1348 rows=71260
BATCH_PROGRESS ohlcv-1h/PATH.OPT job=OPRA-20260914-UVHSMCPPKJ files=125/1348 rows=89635
BATCH_PROGRESS ohlcv-1h/PATH.OPT job=OPRA-20260914-UVHSMCPPKJ files=150/1348 rows=118002
BATCH_PROGRESS ohlcv-1h/PATH.OPT job=OPRA-20260914-UVHSMCPPKJ files=175/1348 rows=140537
BATCH_PROGRESS ohlcv-1h/PATH.OPT job=OPRA-20260914-UVHSMCPPKJ files=200/1348 rows=154826
BATCH_PROGRESS ohlcv-1h/PATH.OPT job=OPRA-20260914-UVHSMCPPKJ files=225/1348 rows=165763
BATCH_PROGRESS ohlcv-1h/PATH.OPT job=OPRA-20260914-UVHSMCPPKJ files=250/1348 rows=187538
BATCH_PROGRESS ohlcv-1h/PATH.OPT job=OPRA-20260914-UVHSMCPPKJ files=275/1348 rows=198116
BATCH_PROGRESS ohlcv-1h/PATH.OPT job=OPRA-20260914-UVHSMCPPKJ files=300/1348 rows=210640
BATCH_PROGRESS ohlcv-1h/PATH.OPT job=OPRA-20260914-UVHSMCPPKJ files=325/1348 rows=218852
BATCH_PROGRESS ohlcv-1h/PATH.OPT job=OPRA-20260914-UVHSMCPPKJ files=350/1348 rows=231429
BATCH_PROGRESS ohlcv-1h/PATH.OPT job=OPRA-20260914-UVHSMCPPKJ files=375/1348 rows=238419
BATCH_PROGRESS ohlcv-1h/PATH.OPT job=OPRA-20260914-UVHSMCPPKJ files=400/1348 rows=244520
BATCH_PROGRESS ohlcv-1h/PATH.OPT job=OPRA-20260914-UVHSMCPPKJ files=425/1348 rows=250840
BATCH_PROGRESS ohlcv-1h/PATH.OPT job=OPRA-20260914-UVHSMCPPKJ files=450/1348 rows=260466
BATCH_PROGRESS ohlcv-1h/PATH.OPT job=OPRA-20260914-UVHSMCPPKJ files=475/1348 rows=269192
BATCH_PROGRESS ohlcv-1h/PATH.OPT job=OPRA-20260914-UVHSMCPPKJ files=500/1348 rows=276845
BATCH_PROGRESS ohlcv-1h/PATH.OPT job=OPRA-20260914-UVHSMCPPKJ files=525/1348 rows=287584
BATCH_PROGRESS ohlcv-1h/PATH.OPT job=OPRA-20260914-UVHSMCPPKJ files=550/1348 rows=324803
BATCH_PROGRESS ohlcv-1h/PATH.OPT job=OPRA-20260914-UVHSMCPPKJ files=575/1348 rows=351693
BATCH_PROGRESS ohlcv-1h/PATH.OPT job=OPRA-20260914-UVHSMCPPKJ files=600/1348 rows=377922
BATCH_PROGRESS ohlcv-1h/PATH.OPT job=OPRA-20260914-UVHSMCPPKJ files=625/1348 rows=394049
BATCH_PROGRESS ohlcv-1h/PATH.OPT job=OPRA-20260914-UVHSMCPPKJ files=650/1348 rows=408767
BATCH_PROGRESS ohlcv-1h/PATH.OPT job=OPRA-20260914-UVHSMCPPKJ files=675/1348 rows=460155
BATCH_PROGRESS ohlcv-1h/PATH.OPT job=OPRA-20260914-UVHSMCPPKJ files=700/1348 rows=493653
BATCH_PROGRESS ohlcv-1h/PATH.OPT job=OPRA-20260914-UVHSMCPPKJ files=725/1348 rows=570621
BATCH_PROGRESS ohlcv-1h/PATH.OPT job=OPRA-20260914-UVHSMCPPKJ files=750/1348 rows=611706
BATCH_PROGRESS ohlcv-1h/PATH.OPT job=OPRA-20260914-UVHSMCPPKJ files=775/1348 rows=642974
BATCH_PROGRESS ohlcv-1h/PATH.OPT job=OPRA-20260914-UVHSMCPPKJ files=800/1348 rows=696936
BATCH_PROGRESS ohlcv-1h/PATH.OPT job=OPRA-20260914-UVHSMCPPKJ files=825/1348 rows=722618
BATCH_PROGRESS ohlcv-1h/PATH.OPT job=OPRA-20260914-UVHSMCPPKJ files=850/1348 rows=754009
BATCH_PROGRESS ohlcv-1h/PATH.OPT job=OPRA-20260914-UVHSMCPPKJ files=875/1348 rows=775128
BATCH_PROGRESS ohlcv-1h/PATH.OPT job=OPRA-20260914-UVHSMCPPKJ files=900/1348 rows=808164
BATCH_PROGRESS ohlcv-1h/PATH.OPT job=OPRA-20260914-UVHSMCPPKJ files=925/1348 rows=857974
BATCH_PROGRESS ohlcv-1h/PATH.OPT job=OPRA-20260914-UVHSMCPPKJ files=950/1348 rows=890704
BATCH_PROGRESS ohlcv-1h/PATH.OPT job=OPRA-20260914-UVHSMCPPKJ files=975/1348 rows=928883
BATCH_PROGRESS ohlcv-1h/PATH.OPT job=OPRA-20260914-UVHSMCPPKJ files=1000/1348 rows=946877
BATCH_PROGRESS ohlcv-1h/PATH.OPT job=OPRA-20260914-UVHSMCPPKJ files=1025/1348 rows=966059
BATCH_PROGRESS ohlcv-1h/PATH.OPT job=OPRA-20260914-UVHSMCPPKJ files=1050/1348 rows=993837
BATCH_PROGRESS ohlcv-1h/PATH.OPT job=OPRA-20260914-UVHSMCPPKJ files=1075/1348 rows=1014344
BATCH_PROGRESS ohlcv-1h/PATH.OPT job=OPRA-20260914-UVHSMCPPKJ files=1100/1348 rows=1046927
BATCH_PROGRESS ohlcv-1h/PATH.OPT job=OPRA-20260914-UVHSMCPPKJ files=1125/1348 rows=1171242
BATCH_PROGRESS ohlcv-1h/PATH.OPT job=OPRA-20260914-UVHSMCPPKJ files=1150/1348 rows=1255570
BATCH_PROGRESS ohlcv-1h/PATH.OPT job=OPRA-20260914-UVHSMCPPKJ files=1175/1348 rows=1351083
BATCH_PROGRESS ohlcv-1h/PATH.OPT job=OPRA-20260914-UVHSMCPPKJ files=1200/1348 rows=1449792
BATCH_PROGRESS ohlcv-1h/PATH.OPT job=OPRA-20260914-UVHSMCPPKJ files=1225/1348 rows=1529668
BATCH_PROGRESS ohlcv-1h/PATH.OPT job=OPRA-20260914-UVHSMCPPKJ files=1250/1348 rows=1590174
BATCH_PROGRESS ohlcv-1h/PATH.OPT job=OPRA-20260914-UVHSMCPPKJ files=1275/1348 rows=1663158
BATCH_PROGRESS ohlcv-1h/PATH.OPT job=OPRA-20260914-UVHSMCPPKJ files=1300/1348 rows=1737089
BATCH_PROGRESS ohlcv-1h/PATH.OPT job=OPRA-20260914-UVHSMCPPKJ files=1325/1348 rows=1801602
BATCH_PROGRESS ohlcv-1h/PATH.OPT job=OPRA-20260914-UVHSMCPPKJ files=1348/1348 rows=1878802
COMPLETED_BATCH ohlcv-1h/PATH.OPT job=OPRA-20260914-UVHSMCPPKJ published=1348 no_data=41
ONBOARDING OPRA.PILLAR/cbbo-1m 2025-09-14 to 2026-09-12
BATCH_SCAN cbbo-1m/PATH.OPT verified_existing=0 verified_no_data=0 missing=259
WAITING_BATCH job=OPRA-20260914-P5YPDTEMFV state=done progress=100
IGNORED_UNAVAILABLE_BATCH_FILES cbbo-1m/PATH.OPT job=OPRA-20260914-P5YPDTEMFV files=1
BATCH_PROGRESS cbbo-1m/PATH.OPT job=OPRA-20260914-P5YPDTEMFV files=25/249 rows=5818533
BATCH_PROGRESS cbbo-1m/PATH.OPT job=OPRA-20260914-P5YPDTEMFV files=50/249 rows=11752525
BATCH_PROGRESS cbbo-1m/PATH.OPT job=OPRA-20260914-P5YPDTEMFV files=75/249 rows=17468532
BATCH_PROGRESS cbbo-1m/PATH.OPT job=OPRA-20260914-P5YPDTEMFV files=100/249 rows=23231673
BATCH_PROGRESS cbbo-1m/PATH.OPT job=OPRA-20260914-P5YPDTEMFV files=125/249 rows=29014225
BATCH_PROGRESS cbbo-1m/PATH.OPT job=OPRA-20260914-P5YPDTEMFV files=150/249 rows=34252404
BATCH_PROGRESS cbbo-1m/PATH.OPT job=OPRA-20260914-P5YPDTEMFV files=175/249 rows=39008242
BATCH_PROGRESS cbbo-1m/PATH.OPT job=OPRA-20260914-P5YPDTEMFV files=200/249 rows=44316688
BATCH_PROGRESS cbbo-1m/PATH.OPT job=OPRA-20260914-P5YPDTEMFV files=225/249 rows=49596453
BATCH_PROGRESS cbbo-1m/PATH.OPT job=OPRA-20260914-P5YPDTEMFV files=249/249 rows=55363764
COMPLETED_BATCH cbbo-1m/PATH.OPT job=OPRA-20260914-P5YPDTEMFV published=249 no_data=10
ONBOARDING OPRA.PILLAR/ohlcv-1s 2021-04-21 to 2026-09-12
BATCH_SCAN ohlcv-1s/PATH.OPT verified_existing=0 verified_no_data=0 missing=1389
WAITING_BATCH job=OPRA-20260914-GAKYKBY3WQ state=done progress=100
IGNORED_UNAVAILABLE_BATCH_FILES ohlcv-1s/PATH.OPT job=OPRA-20260914-GAKYKBY3WQ files=3
BATCH_PROGRESS ohlcv-1s/PATH.OPT job=OPRA-20260914-GAKYKBY3WQ files=25/1348 rows=16715
BATCH_PROGRESS ohlcv-1s/PATH.OPT job=OPRA-20260914-GAKYKBY3WQ files=50/1348 rows=59678
BATCH_PROGRESS ohlcv-1s/PATH.OPT job=OPRA-20260914-GAKYKBY3WQ files=75/1348 rows=86279
BATCH_PROGRESS ohlcv-1s/PATH.OPT job=OPRA-20260914-GAKYKBY3WQ files=100/1348 rows=134832
BATCH_PROGRESS ohlcv-1s/PATH.OPT job=OPRA-20260914-GAKYKBY3WQ files=125/1348 rows=165169
BATCH_PROGRESS ohlcv-1s/PATH.OPT job=OPRA-20260914-GAKYKBY3WQ files=150/1348 rows=218009
BATCH_PROGRESS ohlcv-1s/PATH.OPT job=OPRA-20260914-GAKYKBY3WQ files=175/1348 rows=261818
BATCH_PROGRESS ohlcv-1s/PATH.OPT job=OPRA-20260914-GAKYKBY3WQ files=200/1348 rows=281240
BATCH_PROGRESS ohlcv-1s/PATH.OPT job=OPRA-20260914-GAKYKBY3WQ files=225/1348 rows=297592
BATCH_PROGRESS ohlcv-1s/PATH.OPT job=OPRA-20260914-GAKYKBY3WQ files=250/1348 rows=338661
BATCH_PROGRESS ohlcv-1s/PATH.OPT job=OPRA-20260914-GAKYKBY3WQ files=275/1348 rows=352412
BATCH_PROGRESS ohlcv-1s/PATH.OPT job=OPRA-20260914-GAKYKBY3WQ files=300/1348 rows=372055
BATCH_PROGRESS ohlcv-1s/PATH.OPT job=OPRA-20260914-GAKYKBY3WQ files=325/1348 rows=382318
BATCH_PROGRESS ohlcv-1s/PATH.OPT job=OPRA-20260914-GAKYKBY3WQ files=350/1348 rows=401173
BATCH_PROGRESS ohlcv-1s/PATH.OPT job=OPRA-20260914-GAKYKBY3WQ files=375/1348 rows=409802
BATCH_PROGRESS ohlcv-1s/PATH.OPT job=OPRA-20260914-GAKYKBY3WQ files=400/1348 rows=417686
BATCH_PROGRESS ohlcv-1s/PATH.OPT job=OPRA-20260914-GAKYKBY3WQ files=425/1348 rows=427520
BATCH_PROGRESS ohlcv-1s/PATH.OPT job=OPRA-20260914-GAKYKBY3WQ files=450/1348 rows=443139
BATCH_PROGRESS ohlcv-1s/PATH.OPT job=OPRA-20260914-GAKYKBY3WQ files=475/1348 rows=458107
BATCH_PROGRESS ohlcv-1s/PATH.OPT job=OPRA-20260914-GAKYKBY3WQ files=500/1348 rows=468744
BATCH_PROGRESS ohlcv-1s/PATH.OPT job=OPRA-20260914-GAKYKBY3WQ files=525/1348 rows=484407
BATCH_PROGRESS ohlcv-1s/PATH.OPT job=OPRA-20260914-GAKYKBY3WQ files=550/1348 rows=540373
BATCH_PROGRESS ohlcv-1s/PATH.OPT job=OPRA-20260914-GAKYKBY3WQ files=575/1348 rows=575270
BATCH_PROGRESS ohlcv-1s/PATH.OPT job=OPRA-20260914-GAKYKBY3WQ files=600/1348 rows=614527
BATCH_PROGRESS ohlcv-1s/PATH.OPT job=OPRA-20260914-GAKYKBY3WQ files=625/1348 rows=633924
BATCH_PROGRESS ohlcv-1s/PATH.OPT job=OPRA-20260914-GAKYKBY3WQ files=650/1348 rows=651293
BATCH_PROGRESS ohlcv-1s/PATH.OPT job=OPRA-20260914-GAKYKBY3WQ files=675/1348 rows=738564
BATCH_PROGRESS ohlcv-1s/PATH.OPT job=OPRA-20260914-GAKYKBY3WQ files=700/1348 rows=784280
BATCH_PROGRESS ohlcv-1s/PATH.OPT job=OPRA-20260914-GAKYKBY3WQ files=725/1348 rows=916606
BATCH_PROGRESS ohlcv-1s/PATH.OPT job=OPRA-20260914-GAKYKBY3WQ files=750/1348 rows=971657
BATCH_PROGRESS ohlcv-1s/PATH.OPT job=OPRA-20260914-GAKYKBY3WQ files=775/1348 rows=1017568
BATCH_PROGRESS ohlcv-1s/PATH.OPT job=OPRA-20260914-GAKYKBY3WQ files=800/1348 rows=1108715
BATCH_PROGRESS ohlcv-1s/PATH.OPT job=OPRA-20260914-GAKYKBY3WQ files=825/1348 rows=1144100
BATCH_PROGRESS ohlcv-1s/PATH.OPT job=OPRA-20260914-GAKYKBY3WQ files=850/1348 rows=1200987
BATCH_PROGRESS ohlcv-1s/PATH.OPT job=OPRA-20260914-GAKYKBY3WQ files=875/1348 rows=1229027
BATCH_PROGRESS ohlcv-1s/PATH.OPT job=OPRA-20260914-GAKYKBY3WQ files=900/1348 rows=1283262
BATCH_PROGRESS ohlcv-1s/PATH.OPT job=OPRA-20260914-GAKYKBY3WQ files=925/1348 rows=1364829
BATCH_PROGRESS ohlcv-1s/PATH.OPT job=OPRA-20260914-GAKYKBY3WQ files=950/1348 rows=1409245
BATCH_PROGRESS ohlcv-1s/PATH.OPT job=OPRA-20260914-GAKYKBY3WQ files=975/1348 rows=1470382
BATCH_PROGRESS ohlcv-1s/PATH.OPT job=OPRA-20260914-GAKYKBY3WQ files=1000/1348 rows=1497425
BATCH_PROGRESS ohlcv-1s/PATH.OPT job=OPRA-20260914-GAKYKBY3WQ files=1025/1348 rows=1527802
BATCH_PROGRESS ohlcv-1s/PATH.OPT job=OPRA-20260914-GAKYKBY3WQ files=1050/1348 rows=1574785
BATCH_PROGRESS ohlcv-1s/PATH.OPT job=OPRA-20260914-GAKYKBY3WQ files=1075/1348 rows=1604741
BATCH_PROGRESS ohlcv-1s/PATH.OPT job=OPRA-20260914-GAKYKBY3WQ files=1100/1348 rows=1656999
BATCH_PROGRESS ohlcv-1s/PATH.OPT job=OPRA-20260914-GAKYKBY3WQ files=1125/1348 rows=1919091
BATCH_PROGRESS ohlcv-1s/PATH.OPT job=OPRA-20260914-GAKYKBY3WQ files=1150/1348 rows=2090503
BATCH_PROGRESS ohlcv-1s/PATH.OPT job=OPRA-20260914-GAKYKBY3WQ files=1175/1348 rows=2275615
BATCH_PROGRESS ohlcv-1s/PATH.OPT job=OPRA-20260914-GAKYKBY3WQ files=1200/1348 rows=2451339
BATCH_PROGRESS ohlcv-1s/PATH.OPT job=OPRA-20260914-GAKYKBY3WQ files=1225/1348 rows=2597643
BATCH_PROGRESS ohlcv-1s/PATH.OPT job=OPRA-20260914-GAKYKBY3WQ files=1250/1348 rows=2696425
BATCH_PROGRESS ohlcv-1s/PATH.OPT job=OPRA-20260914-GAKYKBY3WQ files=1275/1348 rows=2850177
BATCH_PROGRESS ohlcv-1s/PATH.OPT job=OPRA-20260914-GAKYKBY3WQ files=1300/1348 rows=2993849
BATCH_PROGRESS ohlcv-1s/PATH.OPT job=OPRA-20260914-GAKYKBY3WQ files=1325/1348 rows=3111212
BATCH_PROGRESS ohlcv-1s/PATH.OPT job=OPRA-20260914-GAKYKBY3WQ files=1348/1348 rows=3269736
COMPLETED_BATCH ohlcv-1s/PATH.OPT job=OPRA-20260914-GAKYKBY3WQ published=1348 no_data=41
ONBOARDING OPRA.PILLAR/ohlcv-1m 2021-04-21 to 2026-09-12
BATCH_SCAN ohlcv-1m/PATH.OPT verified_existing=0 verified_no_data=0 missing=1389
WAITING_BATCH job=OPRA-20260914-ATVN94JESA state=done progress=100
IGNORED_UNAVAILABLE_BATCH_FILES ohlcv-1m/PATH.OPT job=OPRA-20260914-ATVN94JESA files=3
BATCH_PROGRESS ohlcv-1m/PATH.OPT job=OPRA-20260914-ATVN94JESA files=25/1348 rows=14774
BATCH_PROGRESS ohlcv-1m/PATH.OPT job=OPRA-20260914-ATVN94JESA files=50/1348 rows=52868
BATCH_PROGRESS ohlcv-1m/PATH.OPT job=OPRA-20260914-ATVN94JESA files=75/1348 rows=77785
BATCH_PROGRESS ohlcv-1m/PATH.OPT job=OPRA-20260914-ATVN94JESA files=100/1348 rows=121743
BATCH_PROGRESS ohlcv-1m/PATH.OPT job=OPRA-20260914-ATVN94JESA files=125/1348 rows=149873
BATCH_PROGRESS ohlcv-1m/PATH.OPT job=OPRA-20260914-ATVN94JESA files=150/1348 rows=198631
BATCH_PROGRESS ohlcv-1m/PATH.OPT job=OPRA-20260914-ATVN94JESA files=175/1348 rows=237909
BATCH_PROGRESS ohlcv-1m/PATH.OPT job=OPRA-20260914-ATVN94JESA files=200/1348 rows=256356
BATCH_PROGRESS ohlcv-1m/PATH.OPT job=OPRA-20260914-ATVN94JESA files=225/1348 rows=270488
BATCH_PROGRESS ohlcv-1m/PATH.OPT job=OPRA-20260914-ATVN94JESA files=250/1348 rows=307613
BATCH_PROGRESS ohlcv-1m/PATH.OPT job=OPRA-20260914-ATVN94JESA files=275/1348 rows=320245
BATCH_PROGRESS ohlcv-1m/PATH.OPT job=OPRA-20260914-ATVN94JESA files=300/1348 rows=338404
BATCH_PROGRESS ohlcv-1m/PATH.OPT job=OPRA-20260914-ATVN94JESA files=325/1348 rows=348272
BATCH_PROGRESS ohlcv-1m/PATH.OPT job=OPRA-20260914-ATVN94JESA files=350/1348 rows=365905
BATCH_PROGRESS ohlcv-1m/PATH.OPT job=OPRA-20260914-ATVN94JESA files=375/1348 rows=374192
BATCH_PROGRESS ohlcv-1m/PATH.OPT job=OPRA-20260914-ATVN94JESA files=400/1348 rows=381563
BATCH_PROGRESS ohlcv-1m/PATH.OPT job=OPRA-20260914-ATVN94JESA files=425/1348 rows=390610
BATCH_PROGRESS ohlcv-1m/PATH.OPT job=OPRA-20260914-ATVN94JESA files=450/1348 rows=404840
BATCH_PROGRESS ohlcv-1m/PATH.OPT job=OPRA-20260914-ATVN94JESA files=475/1348 rows=417976
BATCH_PROGRESS ohlcv-1m/PATH.OPT job=OPRA-20260914-ATVN94JESA files=500/1348 rows=428021
BATCH_PROGRESS ohlcv-1m/PATH.OPT job=OPRA-20260914-ATVN94JESA files=525/1348 rows=442800
BATCH_PROGRESS ohlcv-1m/PATH.OPT job=OPRA-20260914-ATVN94JESA files=550/1348 rows=494925
BATCH_PROGRESS ohlcv-1m/PATH.OPT job=OPRA-20260914-ATVN94JESA files=575/1348 rows=527872
BATCH_PROGRESS ohlcv-1m/PATH.OPT job=OPRA-20260914-ATVN94JESA files=600/1348 rows=563803
BATCH_PROGRESS ohlcv-1m/PATH.OPT job=OPRA-20260914-ATVN94JESA files=625/1348 rows=582231
BATCH_PROGRESS ohlcv-1m/PATH.OPT job=OPRA-20260914-ATVN94JESA files=650/1348 rows=598951
BATCH_PROGRESS ohlcv-1m/PATH.OPT job=OPRA-20260914-ATVN94JESA files=675/1348 rows=678070
BATCH_PROGRESS ohlcv-1m/PATH.OPT job=OPRA-20260914-ATVN94JESA files=700/1348 rows=720175
BATCH_PROGRESS ohlcv-1m/PATH.OPT job=OPRA-20260914-ATVN94JESA files=725/1348 rows=839043
BATCH_PROGRESS ohlcv-1m/PATH.OPT job=OPRA-20260914-ATVN94JESA files=750/1348 rows=889581
BATCH_PROGRESS ohlcv-1m/PATH.OPT job=OPRA-20260914-ATVN94JESA files=775/1348 rows=929648
BATCH_PROGRESS ohlcv-1m/PATH.OPT job=OPRA-20260914-ATVN94JESA files=800/1348 rows=1010540
BATCH_PROGRESS ohlcv-1m/PATH.OPT job=OPRA-20260914-ATVN94JESA files=825/1348 rows=1042128
BATCH_PROGRESS ohlcv-1m/PATH.OPT job=OPRA-20260914-ATVN94JESA files=850/1348 rows=1090388
BATCH_PROGRESS ohlcv-1m/PATH.OPT job=OPRA-20260914-ATVN94JESA files=875/1348 rows=1116421
BATCH_PROGRESS ohlcv-1m/PATH.OPT job=OPRA-20260914-ATVN94JESA files=900/1348 rows=1163325
BATCH_PROGRESS ohlcv-1m/PATH.OPT job=OPRA-20260914-ATVN94JESA files=925/1348 rows=1236801
BATCH_PROGRESS ohlcv-1m/PATH.OPT job=OPRA-20260914-ATVN94JESA files=950/1348 rows=1278488
BATCH_PROGRESS ohlcv-1m/PATH.OPT job=OPRA-20260914-ATVN94JESA files=975/1348 rows=1333067
BATCH_PROGRESS ohlcv-1m/PATH.OPT job=OPRA-20260914-ATVN94JESA files=1000/1348 rows=1356291
BATCH_PROGRESS ohlcv-1m/PATH.OPT job=OPRA-20260914-ATVN94JESA files=1025/1348 rows=1383022
BATCH_PROGRESS ohlcv-1m/PATH.OPT job=OPRA-20260914-ATVN94JESA files=1050/1348 rows=1424465
BATCH_PROGRESS ohlcv-1m/PATH.OPT job=OPRA-20260914-ATVN94JESA files=1075/1348 rows=1451679
BATCH_PROGRESS ohlcv-1m/PATH.OPT job=OPRA-20260914-ATVN94JESA files=1100/1348 rows=1499098
BATCH_PROGRESS ohlcv-1m/PATH.OPT job=OPRA-20260914-ATVN94JESA files=1125/1348 rows=1736259
BATCH_PROGRESS ohlcv-1m/PATH.OPT job=OPRA-20260914-ATVN94JESA files=1150/1348 rows=1881174
BATCH_PROGRESS ohlcv-1m/PATH.OPT job=OPRA-20260914-ATVN94JESA files=1175/1348 rows=2046338
BATCH_PROGRESS ohlcv-1m/PATH.OPT job=OPRA-20260914-ATVN94JESA files=1200/1348 rows=2207774
BATCH_PROGRESS ohlcv-1m/PATH.OPT job=OPRA-20260914-ATVN94JESA files=1225/1348 rows=2338057
BATCH_PROGRESS ohlcv-1m/PATH.OPT job=OPRA-20260914-ATVN94JESA files=1250/1348 rows=2426948
BATCH_PROGRESS ohlcv-1m/PATH.OPT job=OPRA-20260914-ATVN94JESA files=1275/1348 rows=2554436
BATCH_PROGRESS ohlcv-1m/PATH.OPT job=OPRA-20260914-ATVN94JESA files=1300/1348 rows=2678996
BATCH_PROGRESS ohlcv-1m/PATH.OPT job=OPRA-20260914-ATVN94JESA files=1325/1348 rows=2779892
BATCH_PROGRESS ohlcv-1m/PATH.OPT job=OPRA-20260914-ATVN94JESA files=1348/1348 rows=2910637
COMPLETED_BATCH ohlcv-1m/PATH.OPT job=OPRA-20260914-ATVN94JESA published=1348 no_data=41
ONBOARDING OPRA.PILLAR/ohlcv-1d 2021-04-21 to 2026-09-12
BATCH_SCAN ohlcv-1d/PATH.OPT verified_existing=0 verified_no_data=0 missing=1389
WAITING_BATCH job=OPRA-20260914-6U3A37KW77 state=done progress=100
IGNORED_UNAVAILABLE_BATCH_FILES ohlcv-1d/PATH.OPT job=OPRA-20260914-6U3A37KW77 files=3
BATCH_PROGRESS ohlcv-1d/PATH.OPT job=OPRA-20260914-6U3A37KW77 files=25/1348 rows=5810
BATCH_PROGRESS ohlcv-1d/PATH.OPT job=OPRA-20260914-6U3A37KW77 files=50/1348 rows=16345
BATCH_PROGRESS ohlcv-1d/PATH.OPT job=OPRA-20260914-6U3A37KW77 files=75/1348 rows=24783
BATCH_PROGRESS ohlcv-1d/PATH.OPT job=OPRA-20260914-6U3A37KW77 files=100/1348 rows=35957
BATCH_PROGRESS ohlcv-1d/PATH.OPT job=OPRA-20260914-6U3A37KW77 files=125/1348 rows=45643
BATCH_PROGRESS ohlcv-1d/PATH.OPT job=OPRA-20260914-6U3A37KW77 files=150/1348 rows=60302
BATCH_PROGRESS ohlcv-1d/PATH.OPT job=OPRA-20260914-6U3A37KW77 files=175/1348 rows=72137
BATCH_PROGRESS ohlcv-1d/PATH.OPT job=OPRA-20260914-6U3A37KW77 files=200/1348 rows=81174
BATCH_PROGRESS ohlcv-1d/PATH.OPT job=OPRA-20260914-6U3A37KW77 files=225/1348 rows=88477
BATCH_PROGRESS ohlcv-1d/PATH.OPT job=OPRA-20260914-6U3A37KW77 files=250/1348 rows=100251
BATCH_PROGRESS ohlcv-1d/PATH.OPT job=OPRA-20260914-6U3A37KW77 files=275/1348 rows=107654
BATCH_PROGRESS ohlcv-1d/PATH.OPT job=OPRA-20260914-6U3A37KW77 files=300/1348 rows=115268
BATCH_PROGRESS ohlcv-1d/PATH.OPT job=OPRA-20260914-6U3A37KW77 files=325/1348 rows=120815
BATCH_PROGRESS ohlcv-1d/PATH.OPT job=OPRA-20260914-6U3A37KW77 files=350/1348 rows=128606
BATCH_PROGRESS ohlcv-1d/PATH.OPT job=OPRA-20260914-6U3A37KW77 files=375/1348 rows=133469
BATCH_PROGRESS ohlcv-1d/PATH.OPT job=OPRA-20260914-6U3A37KW77 files=400/1348 rows=137660
BATCH_PROGRESS ohlcv-1d/PATH.OPT job=OPRA-20260914-6U3A37KW77 files=425/1348 rows=141631
BATCH_PROGRESS ohlcv-1d/PATH.OPT job=OPRA-20260914-6U3A37KW77 files=450/1348 rows=147192
BATCH_PROGRESS ohlcv-1d/PATH.OPT job=OPRA-20260914-6U3A37KW77 files=475/1348 rows=152500
BATCH_PROGRESS ohlcv-1d/PATH.OPT job=OPRA-20260914-6U3A37KW77 files=500/1348 rows=157323
BATCH_PROGRESS ohlcv-1d/PATH.OPT job=OPRA-20260914-6U3A37KW77 files=525/1348 rows=163859
BATCH_PROGRESS ohlcv-1d/PATH.OPT job=OPRA-20260914-6U3A37KW77 files=550/1348 rows=185915
BATCH_PROGRESS ohlcv-1d/PATH.OPT job=OPRA-20260914-6U3A37KW77 files=575/1348 rows=203751
BATCH_PROGRESS ohlcv-1d/PATH.OPT job=OPRA-20260914-6U3A37KW77 files=600/1348 rows=220712
BATCH_PROGRESS ohlcv-1d/PATH.OPT job=OPRA-20260914-6U3A37KW77 files=625/1348 rows=233111
BATCH_PROGRESS ohlcv-1d/PATH.OPT job=OPRA-20260914-6U3A37KW77 files=650/1348 rows=244375
BATCH_PROGRESS ohlcv-1d/PATH.OPT job=OPRA-20260914-6U3A37KW77 files=675/1348 rows=273823
BATCH_PROGRESS ohlcv-1d/PATH.OPT job=OPRA-20260914-6U3A37KW77 files=700/1348 rows=296758
BATCH_PROGRESS ohlcv-1d/PATH.OPT job=OPRA-20260914-6U3A37KW77 files=725/1348 rows=339478
BATCH_PROGRESS ohlcv-1d/PATH.OPT job=OPRA-20260914-6U3A37KW77 files=750/1348 rows=367386
BATCH_PROGRESS ohlcv-1d/PATH.OPT job=OPRA-20260914-6U3A37KW77 files=775/1348 rows=389323
BATCH_PROGRESS ohlcv-1d/PATH.OPT job=OPRA-20260914-6U3A37KW77 files=800/1348 rows=420221
BATCH_PROGRESS ohlcv-1d/PATH.OPT job=OPRA-20260914-6U3A37KW77 files=825/1348 rows=438081
BATCH_PROGRESS ohlcv-1d/PATH.OPT job=OPRA-20260914-6U3A37KW77 files=850/1348 rows=457751
BATCH_PROGRESS ohlcv-1d/PATH.OPT job=OPRA-20260914-6U3A37KW77 files=875/1348 rows=472342
BATCH_PROGRESS ohlcv-1d/PATH.OPT job=OPRA-20260914-6U3A37KW77 files=900/1348 rows=493252
BATCH_PROGRESS ohlcv-1d/PATH.OPT job=OPRA-20260914-6U3A37KW77 files=925/1348 rows=522122
BATCH_PROGRESS ohlcv-1d/PATH.OPT job=OPRA-20260914-6U3A37KW77 files=950/1348 rows=543560
BATCH_PROGRESS ohlcv-1d/PATH.OPT job=OPRA-20260914-6U3A37KW77 files=975/1348 rows=567883
BATCH_PROGRESS ohlcv-1d/PATH.OPT job=OPRA-20260914-6U3A37KW77 files=1000/1348 rows=581116
BATCH_PROGRESS ohlcv-1d/PATH.OPT job=OPRA-20260914-6U3A37KW77 files=1025/1348 rows=594485
BATCH_PROGRESS ohlcv-1d/PATH.OPT job=OPRA-20260914-6U3A37KW77 files=1050/1348 rows=612156
BATCH_PROGRESS ohlcv-1d/PATH.OPT job=OPRA-20260914-6U3A37KW77 files=1075/1348 rows=626275
BATCH_PROGRESS ohlcv-1d/PATH.OPT job=OPRA-20260914-6U3A37KW77 files=1100/1348 rows=646538
BATCH_PROGRESS ohlcv-1d/PATH.OPT job=OPRA-20260914-6U3A37KW77 files=1125/1348 rows=701391
BATCH_PROGRESS ohlcv-1d/PATH.OPT job=OPRA-20260914-6U3A37KW77 files=1150/1348 rows=745509
BATCH_PROGRESS ohlcv-1d/PATH.OPT job=OPRA-20260914-6U3A37KW77 files=1175/1348 rows=793145
BATCH_PROGRESS ohlcv-1d/PATH.OPT job=OPRA-20260914-6U3A37KW77 files=1200/1348 rows=841922
BATCH_PROGRESS ohlcv-1d/PATH.OPT job=OPRA-20260914-6U3A37KW77 files=1225/1348 rows=884967
BATCH_PROGRESS ohlcv-1d/PATH.OPT job=OPRA-20260914-6U3A37KW77 files=1250/1348 rows=919519
BATCH_PROGRESS ohlcv-1d/PATH.OPT job=OPRA-20260914-6U3A37KW77 files=1275/1348 rows=957965
BATCH_PROGRESS ohlcv-1d/PATH.OPT job=OPRA-20260914-6U3A37KW77 files=1300/1348 rows=996920
BATCH_PROGRESS ohlcv-1d/PATH.OPT job=OPRA-20260914-6U3A37KW77 files=1325/1348 rows=1033421
BATCH_PROGRESS ohlcv-1d/PATH.OPT job=OPRA-20260914-6U3A37KW77 files=1348/1348 rows=1077433
COMPLETED_BATCH ohlcv-1d/PATH.OPT job=OPRA-20260914-6U3A37KW77 published=1348 no_data=41
ONBOARDING OPRA.PILLAR/statistics 2021-04-21 to 2026-09-12
BATCH_SCAN statistics/PATH.OPT verified_existing=0 verified_no_data=0 missing=1389
WAITING_BATCH job=OPRA-20260914-BUSXGMJW8U state=done progress=100
IGNORED_UNAVAILABLE_BATCH_FILES statistics/PATH.OPT job=OPRA-20260914-BUSXGMJW8U files=3
BATCH_PROGRESS statistics/PATH.OPT job=OPRA-20260914-BUSXGMJW8U files=25/1348 rows=4230
BATCH_PROGRESS statistics/PATH.OPT job=OPRA-20260914-BUSXGMJW8U files=50/1348 rows=10220
BATCH_PROGRESS statistics/PATH.OPT job=OPRA-20260914-BUSXGMJW8U files=75/1348 rows=17456
BATCH_PROGRESS statistics/PATH.OPT job=OPRA-20260914-BUSXGMJW8U files=100/1348 rows=24568
BATCH_PROGRESS statistics/PATH.OPT job=OPRA-20260914-BUSXGMJW8U files=125/1348 rows=32052
BATCH_PROGRESS statistics/PATH.OPT job=OPRA-20260914-BUSXGMJW8U files=150/1348 rows=39472
BATCH_PROGRESS statistics/PATH.OPT job=OPRA-20260914-BUSXGMJW8U files=175/1348 rows=46142
BATCH_PROGRESS statistics/PATH.OPT job=OPRA-20260914-BUSXGMJW8U files=200/1348 rows=52914
BATCH_PROGRESS statistics/PATH.OPT job=OPRA-20260914-BUSXGMJW8U files=225/1348 rows=59510
BATCH_PROGRESS statistics/PATH.OPT job=OPRA-20260914-BUSXGMJW8U files=250/1348 rows=66566
BATCH_PROGRESS statistics/PATH.OPT job=OPRA-20260914-BUSXGMJW8U files=275/1348 rows=74122
BATCH_PROGRESS statistics/PATH.OPT job=OPRA-20260914-BUSXGMJW8U files=300/1348 rows=81184
BATCH_PROGRESS statistics/PATH.OPT job=OPRA-20260914-BUSXGMJW8U files=325/1348 rows=87960
BATCH_PROGRESS statistics/PATH.OPT job=OPRA-20260914-BUSXGMJW8U files=350/1348 rows=94616
BATCH_PROGRESS statistics/PATH.OPT job=OPRA-20260914-BUSXGMJW8U files=375/1348 rows=101492
BATCH_PROGRESS statistics/PATH.OPT job=OPRA-20260914-BUSXGMJW8U files=400/1348 rows=107654
BATCH_PROGRESS statistics/PATH.OPT job=OPRA-20260914-BUSXGMJW8U files=425/1348 rows=112944
BATCH_PROGRESS statistics/PATH.OPT job=OPRA-20260914-BUSXGMJW8U files=450/1348 rows=117254
BATCH_PROGRESS statistics/PATH.OPT job=OPRA-20260914-BUSXGMJW8U files=475/1348 rows=121132
BATCH_PROGRESS statistics/PATH.OPT job=OPRA-20260914-BUSXGMJW8U files=500/1348 rows=338976
BATCH_PROGRESS statistics/PATH.OPT job=OPRA-20260914-BUSXGMJW8U files=525/1348 rows=672799
BATCH_PROGRESS statistics/PATH.OPT job=OPRA-20260914-BUSXGMJW8U files=550/1348 rows=1624427
BATCH_PROGRESS statistics/PATH.OPT job=OPRA-20260914-BUSXGMJW8U files=575/1348 rows=2764360
BATCH_PROGRESS statistics/PATH.OPT job=OPRA-20260914-BUSXGMJW8U files=600/1348 rows=4003686
BATCH_PROGRESS statistics/PATH.OPT job=OPRA-20260914-BUSXGMJW8U files=625/1348 rows=5618606
BATCH_PROGRESS statistics/PATH.OPT job=OPRA-20260914-BUSXGMJW8U files=650/1348 rows=7030543
BATCH_PROGRESS statistics/PATH.OPT job=OPRA-20260914-BUSXGMJW8U files=675/1348 rows=8359092
BATCH_PROGRESS statistics/PATH.OPT job=OPRA-20260914-BUSXGMJW8U files=700/1348 rows=9478578
BATCH_PROGRESS statistics/PATH.OPT job=OPRA-20260914-BUSXGMJW8U files=725/1348 rows=10558722
BATCH_PROGRESS statistics/PATH.OPT job=OPRA-20260914-BUSXGMJW8U files=750/1348 rows=11627234
BATCH_PROGRESS statistics/PATH.OPT job=OPRA-20260914-BUSXGMJW8U files=775/1348 rows=12712024
BATCH_PROGRESS statistics/PATH.OPT job=OPRA-20260914-BUSXGMJW8U files=800/1348 rows=13902492
BATCH_PROGRESS statistics/PATH.OPT job=OPRA-20260914-BUSXGMJW8U files=825/1348 rows=15200198
BATCH_PROGRESS statistics/PATH.OPT job=OPRA-20260914-BUSXGMJW8U files=850/1348 rows=16457712
BATCH_PROGRESS statistics/PATH.OPT job=OPRA-20260914-BUSXGMJW8U files=875/1348 rows=17718024
BATCH_PROGRESS statistics/PATH.OPT job=OPRA-20260914-BUSXGMJW8U files=900/1348 rows=19019660
BATCH_PROGRESS statistics/PATH.OPT job=OPRA-20260914-BUSXGMJW8U files=925/1348 rows=20320560
BATCH_PROGRESS statistics/PATH.OPT job=OPRA-20260914-BUSXGMJW8U files=950/1348 rows=21688632
BATCH_PROGRESS statistics/PATH.OPT job=OPRA-20260914-BUSXGMJW8U files=975/1348 rows=23029532
BATCH_PROGRESS statistics/PATH.OPT job=OPRA-20260914-BUSXGMJW8U files=1000/1348 rows=24391656
BATCH_PROGRESS statistics/PATH.OPT job=OPRA-20260914-BUSXGMJW8U files=1025/1348 rows=25628096
BATCH_PROGRESS statistics/PATH.OPT job=OPRA-20260914-BUSXGMJW8U files=1050/1348 rows=26920608
BATCH_PROGRESS statistics/PATH.OPT job=OPRA-20260914-BUSXGMJW8U files=1075/1348 rows=28175064
BATCH_PROGRESS statistics/PATH.OPT job=OPRA-20260914-BUSXGMJW8U files=1100/1348 rows=29327072
BATCH_PROGRESS statistics/PATH.OPT job=OPRA-20260914-BUSXGMJW8U files=1125/1348 rows=30774932
BATCH_PROGRESS statistics/PATH.OPT job=OPRA-20260914-BUSXGMJW8U files=1150/1348 rows=32298028
BATCH_PROGRESS statistics/PATH.OPT job=OPRA-20260914-BUSXGMJW8U files=1175/1348 rows=33881164
BATCH_PROGRESS statistics/PATH.OPT job=OPRA-20260914-BUSXGMJW8U files=1200/1348 rows=35316876
BATCH_PROGRESS statistics/PATH.OPT job=OPRA-20260914-BUSXGMJW8U files=1225/1348 rows=36747476
BATCH_PROGRESS statistics/PATH.OPT job=OPRA-20260914-BUSXGMJW8U files=1250/1348 rows=38141752
BATCH_PROGRESS statistics/PATH.OPT job=OPRA-20260914-BUSXGMJW8U files=1275/1348 rows=39440984
BATCH_PROGRESS statistics/PATH.OPT job=OPRA-20260914-BUSXGMJW8U files=1300/1348 rows=40884184
BATCH_PROGRESS statistics/PATH.OPT job=OPRA-20260914-BUSXGMJW8U files=1325/1348 rows=42302368
BATCH_PROGRESS statistics/PATH.OPT job=OPRA-20260914-BUSXGMJW8U files=1348/1348 rows=43693700
COMPLETED_BATCH statistics/PATH.OPT job=OPRA-20260914-BUSXGMJW8U published=1348 no_data=41
ONBOARDING OPRA.PILLAR/status 2024-07-17 to 2026-09-12
BATCH_SCAN status/PATH.OPT verified_existing=0 verified_no_data=0 missing=563
WAITING_BATCH job=OPRA-20260914-59U8NW3SA4 state=done progress=100
IGNORED_UNAVAILABLE_BATCH_FILES status/PATH.OPT job=OPRA-20260914-59U8NW3SA4 files=1
BATCH_PROGRESS status/PATH.OPT job=OPRA-20260914-59U8NW3SA4 files=25/493 rows=204829
BATCH_PROGRESS status/PATH.OPT job=OPRA-20260914-59U8NW3SA4 files=50/493 rows=421089
BATCH_PROGRESS status/PATH.OPT job=OPRA-20260914-59U8NW3SA4 files=75/493 rows=639583
BATCH_PROGRESS status/PATH.OPT job=OPRA-20260914-59U8NW3SA4 files=100/493 rows=898431
BATCH_PROGRESS status/PATH.OPT job=OPRA-20260914-59U8NW3SA4 files=125/493 rows=1155816
BATCH_PROGRESS status/PATH.OPT job=OPRA-20260914-59U8NW3SA4 files=150/493 rows=1416106
BATCH_PROGRESS status/PATH.OPT job=OPRA-20260914-59U8NW3SA4 files=175/493 rows=1689689
BATCH_PROGRESS status/PATH.OPT job=OPRA-20260914-59U8NW3SA4 files=200/493 rows=1848694
BATCH_PROGRESS status/PATH.OPT job=OPRA-20260914-59U8NW3SA4 files=225/493 rows=1950275
BATCH_PROGRESS status/PATH.OPT job=OPRA-20260914-59U8NW3SA4 files=250/493 rows=2041236
BATCH_PROGRESS status/PATH.OPT job=OPRA-20260914-59U8NW3SA4 files=275/493 rows=2157578
BATCH_PROGRESS status/PATH.OPT job=OPRA-20260914-59U8NW3SA4 files=300/493 rows=2275481
BATCH_PROGRESS status/PATH.OPT job=OPRA-20260914-59U8NW3SA4 files=325/493 rows=2400967
BATCH_PROGRESS status/PATH.OPT job=OPRA-20260914-59U8NW3SA4 files=350/493 rows=2512307
BATCH_PROGRESS status/PATH.OPT job=OPRA-20260914-59U8NW3SA4 files=375/493 rows=2625227
BATCH_PROGRESS status/PATH.OPT job=OPRA-20260914-59U8NW3SA4 files=400/493 rows=2734804
BATCH_PROGRESS status/PATH.OPT job=OPRA-20260914-59U8NW3SA4 files=425/493 rows=2839966
BATCH_PROGRESS status/PATH.OPT job=OPRA-20260914-59U8NW3SA4 files=450/493 rows=2955266
BATCH_PROGRESS status/PATH.OPT job=OPRA-20260914-59U8NW3SA4 files=475/493 rows=3065527
BATCH_PROGRESS status/PATH.OPT job=OPRA-20260914-59U8NW3SA4 files=493/493 rows=3150638
COMPLETED_BATCH status/PATH.OPT job=OPRA-20260914-59U8NW3SA4 published=493 no_data=70
ONBOARDING OPRA.PILLAR/tcbbo 2025-09-14 to 2026-09-12
BATCH_SCAN tcbbo/PATH.OPT verified_existing=0 verified_no_data=0 missing=259
WAITING_BATCH job=OPRA-20260914-R7BMLQYH95 state=done progress=100
IGNORED_UNAVAILABLE_BATCH_FILES tcbbo/PATH.OPT job=OPRA-20260914-R7BMLQYH95 files=1
BATCH_PROGRESS tcbbo/PATH.OPT job=OPRA-20260914-R7BMLQYH95 files=25/249 rows=315048
BATCH_PROGRESS tcbbo/PATH.OPT job=OPRA-20260914-R7BMLQYH95 files=50/249 rows=524384
BATCH_PROGRESS tcbbo/PATH.OPT job=OPRA-20260914-R7BMLQYH95 files=75/249 rows=737656
BATCH_PROGRESS tcbbo/PATH.OPT job=OPRA-20260914-R7BMLQYH95 files=100/249 rows=949868
BATCH_PROGRESS tcbbo/PATH.OPT job=OPRA-20260914-R7BMLQYH95 files=125/249 rows=1125753
BATCH_PROGRESS tcbbo/PATH.OPT job=OPRA-20260914-R7BMLQYH95 files=150/249 rows=1246734
BATCH_PROGRESS tcbbo/PATH.OPT job=OPRA-20260914-R7BMLQYH95 files=175/249 rows=1401213
BATCH_PROGRESS tcbbo/PATH.OPT job=OPRA-20260914-R7BMLQYH95 files=200/249 rows=1600829
BATCH_PROGRESS tcbbo/PATH.OPT job=OPRA-20260914-R7BMLQYH95 files=225/249 rows=1738810
BATCH_PROGRESS tcbbo/PATH.OPT job=OPRA-20260914-R7BMLQYH95 files=249/249 rows=1932977
COMPLETED_BATCH tcbbo/PATH.OPT job=OPRA-20260914-R7BMLQYH95 published=249 no_data=10
ONBOARDING OPRA.PILLAR/cbbo-1s 2025-09-14 to 2026-09-12
BATCH_SCAN cbbo-1s/PATH.OPT verified_existing=0 verified_no_data=0 missing=259
WAITING_BATCH job=OPRA-20260914-CHSLXAEJYY state=done progress=100
IGNORED_UNAVAILABLE_BATCH_FILES cbbo-1s/PATH.OPT job=OPRA-20260914-CHSLXAEJYY files=1
BATCH_PROGRESS cbbo-1s/PATH.OPT job=OPRA-20260914-CHSLXAEJYY files=25/249 rows=74575327
BATCH_PROGRESS cbbo-1s/PATH.OPT job=OPRA-20260914-CHSLXAEJYY files=50/249 rows=126167685
BATCH_PROGRESS cbbo-1s/PATH.OPT job=OPRA-20260914-CHSLXAEJYY files=75/249 rows=175091356
BATCH_PROGRESS cbbo-1s/PATH.OPT job=OPRA-20260914-CHSLXAEJYY files=100/249 rows=230613530
BATCH_PROGRESS cbbo-1s/PATH.OPT job=OPRA-20260914-CHSLXAEJYY files=125/249 rows=290787094
BATCH_PROGRESS cbbo-1s/PATH.OPT job=OPRA-20260914-CHSLXAEJYY files=150/249 rows=336695015
BATCH_PROGRESS cbbo-1s/PATH.OPT job=OPRA-20260914-CHSLXAEJYY files=175/249 rows=376587667
BATCH_PROGRESS cbbo-1s/PATH.OPT job=OPRA-20260914-CHSLXAEJYY files=200/249 rows=419052877
BATCH_PROGRESS cbbo-1s/PATH.OPT job=OPRA-20260914-CHSLXAEJYY files=225/249 rows=455648504
BATCH_PROGRESS cbbo-1s/PATH.OPT job=OPRA-20260914-CHSLXAEJYY files=249/249 rows=500991862
COMPLETED_BATCH cbbo-1s/PATH.OPT job=OPRA-20260914-CHSLXAEJYY published=249 no_data=10
ONBOARDING OPRA.PILLAR/trades 2025-09-14 to 2026-09-12
BATCH_SCAN trades/PATH.OPT verified_existing=0 verified_no_data=0 missing=259
WAITING_BATCH job=OPRA-20260914-YXW8SUBRVL state=done progress=100
IGNORED_UNAVAILABLE_BATCH_FILES trades/PATH.OPT job=OPRA-20260914-YXW8SUBRVL files=1
BATCH_PROGRESS trades/PATH.OPT job=OPRA-20260914-YXW8SUBRVL files=25/249 rows=315048
BATCH_PROGRESS trades/PATH.OPT job=OPRA-20260914-YXW8SUBRVL files=50/249 rows=524384
BATCH_PROGRESS trades/PATH.OPT job=OPRA-20260914-YXW8SUBRVL files=75/249 rows=737656
BATCH_PROGRESS trades/PATH.OPT job=OPRA-20260914-YXW8SUBRVL files=100/249 rows=949868
BATCH_PROGRESS trades/PATH.OPT job=OPRA-20260914-YXW8SUBRVL files=125/249 rows=1125753
BATCH_PROGRESS trades/PATH.OPT job=OPRA-20260914-YXW8SUBRVL files=150/249 rows=1246734
BATCH_PROGRESS trades/PATH.OPT job=OPRA-20260914-YXW8SUBRVL files=175/249 rows=1401213
BATCH_PROGRESS trades/PATH.OPT job=OPRA-20260914-YXW8SUBRVL files=200/249 rows=1600829
BATCH_PROGRESS trades/PATH.OPT job=OPRA-20260914-YXW8SUBRVL files=225/249 rows=1738810
BATCH_PROGRESS trades/PATH.OPT job=OPRA-20260914-YXW8SUBRVL files=249/249 rows=1932977
COMPLETED_BATCH trades/PATH.OPT job=OPRA-20260914-YXW8SUBRVL published=249 no_data=10
ONBOARDING XNAS.ITCH/ohlcv-1s 2021-04-21 to 2026-09-12
USING_BATCH_FALLBACK XNAS.ITCH/ohlcv-1s/PATH; retained_matching_partials=0
BATCH_FALLBACK_RESUMED job_id=XNAS-20260914-PFEGJTLVVN
BATCH_FALLBACK_READY job_id=XNAS-20260914-PFEGJTLVVN
ONBOARDING XNAS.ITCH/ohlcv-1m 2021-04-21 to 2026-09-12
USING_BATCH_FALLBACK XNAS.ITCH/ohlcv-1m/PATH; retained_matching_partials=0
BATCH_FALLBACK_RESUMED job_id=XNAS-20260914-RY9NSX47Q7
BATCH_FALLBACK_READY job_id=XNAS-20260914-RY9NSX47Q7
ONBOARDING XNAS.ITCH/ohlcv-1h 2021-04-21 to 2026-09-12
USING_BATCH_FALLBACK XNAS.ITCH/ohlcv-1h/PATH; retained_matching_partials=0
BATCH_FALLBACK_RESUMED job_id=XNAS-20260914-PJTNWQSXVA
BATCH_FALLBACK_READY job_id=XNAS-20260914-PJTNWQSXVA
ONBOARDING XNAS.ITCH/ohlcv-1d 2021-04-21 to 2026-09-12
USING_BATCH_FALLBACK XNAS.ITCH/ohlcv-1d/PATH; retained_matching_partials=0
BATCH_FALLBACK_RESUMED job_id=XNAS-20260914-G7N8CF63TT
BATCH_FALLBACK_READY job_id=XNAS-20260914-G7N8CF63TT
ONBOARDING XNAS.ITCH/definition 2021-04-21 to 2026-09-12
USING_BATCH_FALLBACK XNAS.ITCH/definition/PATH; retained_matching_partials=0
BATCH_FALLBACK_RESUMED job_id=XNAS-20260914-A39MHAFFEJ
BATCH_FALLBACK_READY job_id=XNAS-20260914-A39MHAFFEJ
ONBOARDING XNAS.ITCH/statistics 2021-04-21 to 2026-09-12
USING_BATCH_FALLBACK XNAS.ITCH/statistics/PATH; retained_matching_partials=0
BATCH_FALLBACK_RESUMED job_id=XNAS-20260914-JNH9JNL5CW
BATCH_FALLBACK_READY job_id=XNAS-20260914-JNH9JNL5CW
ONBOARDING XNAS.ITCH/status 2021-04-21 to 2026-09-12
USING_BATCH_FALLBACK XNAS.ITCH/status/PATH; retained_matching_partials=0
BATCH_FALLBACK_RESUMED job_id=XNAS-20260914-BGHTUAJAEM
BATCH_FALLBACK_READY job_id=XNAS-20260914-BGHTUAJAEM
ONBOARDING XNAS.ITCH/tbbo 2025-09-14 to 2026-09-12
USING_BATCH_FALLBACK XNAS.ITCH/tbbo/PATH; retained_matching_partials=0
BATCH_FALLBACK_RESUMED job_id=XNAS-20260914-W7BYXFDYPW
BATCH_FALLBACK_READY job_id=XNAS-20260914-W7BYXFDYPW
ONBOARDING XNAS.ITCH/bbo-1s 2025-09-14 to 2026-09-12
USING_BATCH_FALLBACK XNAS.ITCH/bbo-1s/PATH; retained_matching_partials=0
BATCH_FALLBACK_RESUMED job_id=XNAS-20260914-JYPXGFR3HF
BATCH_FALLBACK_READY job_id=XNAS-20260914-JYPXGFR3HF
ONBOARDING XNAS.ITCH/bbo-1m 2025-09-14 to 2026-09-12
USING_BATCH_FALLBACK XNAS.ITCH/bbo-1m/PATH; retained_matching_partials=0
BATCH_FALLBACK_RESUMED job_id=XNAS-20260914-383M4ETWHA
BATCH_FALLBACK_READY job_id=XNAS-20260914-383M4ETWHA
ONBOARDING XNAS.ITCH/trades 2025-09-14 to 2026-09-12
USING_BATCH_FALLBACK XNAS.ITCH/trades/PATH; retained_matching_partials=0
BATCH_FALLBACK_RESUMED job_id=XNAS-20260914-V6RV9E3K5V
BATCH_FALLBACK_READY job_id=XNAS-20260914-V6RV9E3K5V
ONBOARDING XNAS.ITCH/mbp-10 2026-08-14 to 2026-09-12
USING_BATCH_FALLBACK XNAS.ITCH/mbp-10/PATH; retained_matching_partials=0
BATCH_FALLBACK_RESUMED job_id=XNAS-20260914-9HPTWQDWU7
BATCH_FALLBACK_READY job_id=XNAS-20260914-9HPTWQDWU7
ONBOARDING XNAS.ITCH/mbo 2026-08-14 to 2026-09-12
USING_BATCH_FALLBACK XNAS.ITCH/mbo/PATH; retained_matching_partials=0
BATCH_FALLBACK_RESUMED job_id=XNAS-20260914-347YEGNX9P
BATCH_FALLBACK_READY job_id=XNAS-20260914-347YEGNX9P
ONBOARDING XNAS.ITCH/imbalance 2026-08-14 to 2026-09-12
USING_BATCH_FALLBACK XNAS.ITCH/imbalance/PATH; retained_matching_partials=0
BATCH_FALLBACK_RESUMED job_id=XNAS-20260914-QNP6W383PX
BATCH_FALLBACK_READY job_id=XNAS-20260914-QNP6W383PX
[TWST/databento] fetching...
[databento/archive-bridge] cold archive retained as provenance; operational_dataset=EQUS.MINI; archive_dataset=XNAS.ITCH
[2026-09-14T07:40:09.044658Z] START provider.request name="equities dataset-range metadata" src=databento/dataset-range try=1
[2026-09-14T07:40:09.487991Z] END   provider.request name="equities dataset-range metadata" src=databento/dataset-range try=1 elapsed=443.3ms rows=3 op=fetched status=ok
[TWST/databento/source_100d_1m_ohlcv-1m_1m] no stored dataset; requesting configured history
[2026-09-14T07:40:09.488400Z] START provider.request name="TWST ohlcv-1m/1m" sym=TWST src=databento/ohlcv-1m req=2026-06-04T00:00:00Z..2026-09-12T00:00:00Z try=1
[2026-09-14T07:40:14.328789Z] END   provider.request name="TWST ohlcv-1m/1m" sym=TWST src=databento/ohlcv-1m req=2026-06-04T00:00:00Z..2026-09-12T00:00:00Z try=1 elapsed=4840.1ms rows=21483 op=fetched status=ok
[TWST/databento/source_10d_1s_ohlcv-1s_1s] no stored dataset; requesting configured history
[2026-09-14T07:40:26.366153Z] START provider.request name="TWST ohlcv-1s/1s" sym=TWST src=databento/ohlcv-1s req=2026-09-02T00:00:00Z..2026-09-12T00:00:00Z try=1
[2026-09-14T07:40:27.713547Z] END   provider.request name="TWST ohlcv-1s/1s" sym=TWST src=databento/ohlcv-1s req=2026-09-02T00:00:00Z..2026-09-12T00:00:00Z try=1 elapsed=1347.3ms rows=5876 op=fetched status=ok
[TWST/databento/source_1825d_1h_ohlcv-1h_1h] no stored dataset; requesting configured history
[2026-09-14T07:40:27.714083Z] START provider.request name="TWST ohlcv-1h/1h" sym=TWST src=databento/ohlcv-1h req=2023-03-28T00:00:00Z..2026-09-12T00:00:00Z try=1
C:\dev\ducketz\app\services\databento_market_data.py:128: BentoWarning: The streaming request contained one or more days which have reduced quality: 2025-03-24 (degraded), 2025-04-04 (degraded), 2025-05-06 (degraded)... See: https://databento.com/docs/api-reference-historical/metadata/metadata-get-dataset-condition
  store = self._client().timeseries.get_range(dataset=self.dataset, schema=spec.schema, symbols=[clean_symbol], stype_in="raw_symbol", start=selected_range.start.isoformat(), end=selected_range.end.isoformat())
[2026-09-14T07:40:31.768183Z] END   provider.request name="TWST ohlcv-1h/1h" sym=TWST src=databento/ohlcv-1h req=2023-03-28T00:00:00Z..2026-09-12T00:00:00Z try=1 elapsed=4053.8ms rows=6261 op=fetched status=ok
[TWST/databento/source_2555d_1d_ohlcv-1d_1d] no stored dataset; requesting configured history
[2026-09-14T07:40:31.768732Z] START provider.request name="TWST ohlcv-1d/1d" sym=TWST src=databento/ohlcv-1d req=2023-03-28T00:00:00Z..2026-09-12T00:00:00Z try=1
C:\dev\ducketz\app\services\databento_market_data.py:128: BentoWarning: The streaming request contained one or more days which have reduced quality: 2025-03-24 (degraded), 2025-04-04 (degraded), 2025-05-06 (degraded)... See: https://databento.com/docs/api-reference-historical/metadata/metadata-get-dataset-condition
  store = self._client().timeseries.get_range(dataset=self.dataset, schema=spec.schema, symbols=[clean_symbol], stype_in="raw_symbol", start=selected_range.start.isoformat(), end=selected_range.end.isoformat())
[2026-09-14T07:40:34.686930Z] END   provider.request name="TWST ohlcv-1d/1d" sym=TWST src=databento/ohlcv-1d req=2023-03-28T00:00:00Z..2026-09-12T00:00:00Z try=1 elapsed=2918.0ms rows=868 op=fetched status=ok
[databento/bar-consolidation] symbol=TWST; shadowed_derived_rows_removed=506; derived_gap_rows_retained=596
[TWST/fmp] fetching...
[TWST/schwab] fetching...
[TWST/schwab/day_10_minute_1] no stored dataset; requesting configured history
[TWST/schwab/day_10_minute_5] no stored dataset; requesting configured history
[TWST/schwab/day_10_minute_10] no stored dataset; requesting configured history
[TWST/schwab/day_10_minute_15] no stored dataset; requesting configured history
[TWST/schwab/day_10_minute_30] no stored dataset; requesting configured history
[TWST/schwab/year_20_daily_1] no stored dataset; requesting configured history
[TWST/schwab/year_20_weekly_1] no stored dataset; requesting configured history
[TWST/schwab/year_20_monthly_1] no stored dataset; requesting configured history
[TWST/schwab/options] 286 contracts at decision time 2026-09-11T20:00:00+00:00 -> C:\DATASTORE\stocks\TWST\options\features\option-quality\schwab\2026-09.parquet
[TWST/sec] fetching...
ONBOARDING OPRA.PILLAR/definition 2018-10-31 to 2026-09-12
BATCH_SCAN definition/TWST.OPT verified_existing=0 verified_no_data=0 missing=2009
WAITING_BATCH job=OPRA-20260914-KFMMSWGN9S state=done progress=100
IGNORED_UNAVAILABLE_BATCH_FILES definition/TWST.OPT job=OPRA-20260914-KFMMSWGN9S files=3
BATCH_PROGRESS definition/TWST.OPT job=OPRA-20260914-KFMMSWGN9S files=25/1805 rows=756
BATCH_PROGRESS definition/TWST.OPT job=OPRA-20260914-KFMMSWGN9S files=50/1805 rows=1836
BATCH_PROGRESS definition/TWST.OPT job=OPRA-20260914-KFMMSWGN9S files=75/1805 rows=3090
BATCH_PROGRESS definition/TWST.OPT job=OPRA-20260914-KFMMSWGN9S files=100/1805 rows=4568
BATCH_PROGRESS definition/TWST.OPT job=OPRA-20260914-KFMMSWGN9S files=125/1805 rows=5968
BATCH_PROGRESS definition/TWST.OPT job=OPRA-20260914-KFMMSWGN9S files=150/1805 rows=7440
BATCH_PROGRESS definition/TWST.OPT job=OPRA-20260914-KFMMSWGN9S files=175/1805 rows=9116
BATCH_PROGRESS definition/TWST.OPT job=OPRA-20260914-KFMMSWGN9S files=200/1805 rows=10866
BATCH_PROGRESS definition/TWST.OPT job=OPRA-20260914-KFMMSWGN9S files=225/1805 rows=12884
BATCH_PROGRESS definition/TWST.OPT job=OPRA-20260914-KFMMSWGN9S files=250/1805 rows=15002
BATCH_PROGRESS definition/TWST.OPT job=OPRA-20260914-KFMMSWGN9S files=275/1805 rows=17576
BATCH_PROGRESS definition/TWST.OPT job=OPRA-20260914-KFMMSWGN9S files=300/1805 rows=20666
BATCH_PROGRESS definition/TWST.OPT job=OPRA-20260914-KFMMSWGN9S files=325/1805 rows=24034
BATCH_PROGRESS definition/TWST.OPT job=OPRA-20260914-KFMMSWGN9S files=350/1805 rows=27771
BATCH_PROGRESS definition/TWST.OPT job=OPRA-20260914-KFMMSWGN9S files=375/1805 rows=33863
BATCH_PROGRESS definition/TWST.OPT job=OPRA-20260914-KFMMSWGN9S files=400/1805 rows=40509
BATCH_PROGRESS definition/TWST.OPT job=OPRA-20260914-KFMMSWGN9S files=425/1805 rows=47165
BATCH_PROGRESS definition/TWST.OPT job=OPRA-20260914-KFMMSWGN9S files=450/1805 rows=54329
BATCH_PROGRESS definition/TWST.OPT job=OPRA-20260914-KFMMSWGN9S files=475/1805 rows=61087
BATCH_PROGRESS definition/TWST.OPT job=OPRA-20260914-KFMMSWGN9S files=500/1805 rows=67493
BATCH_PROGRESS definition/TWST.OPT job=OPRA-20260914-KFMMSWGN9S files=525/1805 rows=73973
BATCH_PROGRESS definition/TWST.OPT job=OPRA-20260914-KFMMSWGN9S files=550/1805 rows=80027
BATCH_PROGRESS definition/TWST.OPT job=OPRA-20260914-KFMMSWGN9S files=575/1805 rows=85975
BATCH_PROGRESS definition/TWST.OPT job=OPRA-20260914-KFMMSWGN9S files=600/1805 rows=91537
BATCH_PROGRESS definition/TWST.OPT job=OPRA-20260914-KFMMSWGN9S files=625/1805 rows=97405
BATCH_PROGRESS definition/TWST.OPT job=OPRA-20260914-KFMMSWGN9S files=650/1805 rows=102687
BATCH_PROGRESS definition/TWST.OPT job=OPRA-20260914-KFMMSWGN9S files=675/1805 rows=107335
BATCH_PROGRESS definition/TWST.OPT job=OPRA-20260914-KFMMSWGN9S files=700/1805 rows=111991
BATCH_PROGRESS definition/TWST.OPT job=OPRA-20260914-KFMMSWGN9S files=725/1805 rows=115813
BATCH_PROGRESS definition/TWST.OPT job=OPRA-20260914-KFMMSWGN9S files=750/1805 rows=119463
BATCH_PROGRESS definition/TWST.OPT job=OPRA-20260914-KFMMSWGN9S files=775/1805 rows=122641
BATCH_PROGRESS definition/TWST.OPT job=OPRA-20260914-KFMMSWGN9S files=800/1805 rows=125647
BATCH_PROGRESS definition/TWST.OPT job=OPRA-20260914-KFMMSWGN9S files=825/1805 rows=128595
BATCH_PROGRESS definition/TWST.OPT job=OPRA-20260914-KFMMSWGN9S files=850/1805 rows=131465
BATCH_PROGRESS definition/TWST.OPT job=OPRA-20260914-KFMMSWGN9S files=875/1805 rows=135085
BATCH_PROGRESS definition/TWST.OPT job=OPRA-20260914-KFMMSWGN9S files=900/1805 rows=138547
BATCH_PROGRESS definition/TWST.OPT job=OPRA-20260914-KFMMSWGN9S files=925/1805 rows=142441
BATCH_PROGRESS definition/TWST.OPT job=OPRA-20260914-KFMMSWGN9S files=950/1805 rows=147333
BATCH_PROGRESS definition/TWST.OPT job=OPRA-20260914-KFMMSWGN9S files=975/1805 rows=151953
BATCH_PROGRESS definition/TWST.OPT job=OPRA-20260914-KFMMSWGN9S files=1000/1805 rows=155909
BATCH_PROGRESS definition/TWST.OPT job=OPRA-20260914-KFMMSWGN9S files=1025/1805 rows=159669
BATCH_PROGRESS definition/TWST.OPT job=OPRA-20260914-KFMMSWGN9S files=1050/1805 rows=162907
BATCH_PROGRESS definition/TWST.OPT job=OPRA-20260914-KFMMSWGN9S files=1075/1805 rows=165941
BATCH_PROGRESS definition/TWST.OPT job=OPRA-20260914-KFMMSWGN9S files=1100/1805 rows=168649
BATCH_PROGRESS definition/TWST.OPT job=OPRA-20260914-KFMMSWGN9S files=1125/1805 rows=171443
BATCH_PROGRESS definition/TWST.OPT job=OPRA-20260914-KFMMSWGN9S files=1150/1805 rows=175147
BATCH_PROGRESS definition/TWST.OPT job=OPRA-20260914-KFMMSWGN9S files=1175/1805 rows=178691
BATCH_PROGRESS definition/TWST.OPT job=OPRA-20260914-KFMMSWGN9S files=1200/1805 rows=182425
BATCH_PROGRESS definition/TWST.OPT job=OPRA-20260914-KFMMSWGN9S files=1225/1805 rows=186113
BATCH_PROGRESS definition/TWST.OPT job=OPRA-20260914-KFMMSWGN9S files=1250/1805 rows=190677
BATCH_PROGRESS definition/TWST.OPT job=OPRA-20260914-KFMMSWGN9S files=1275/1805 rows=195167
BATCH_PROGRESS definition/TWST.OPT job=OPRA-20260914-KFMMSWGN9S files=1300/1805 rows=199577
BATCH_PROGRESS definition/TWST.OPT job=OPRA-20260914-KFMMSWGN9S files=1325/1805 rows=203913
BATCH_PROGRESS definition/TWST.OPT job=OPRA-20260914-KFMMSWGN9S files=1350/1805 rows=207857
BATCH_PROGRESS definition/TWST.OPT job=OPRA-20260914-KFMMSWGN9S files=1375/1805 rows=211707
BATCH_PROGRESS definition/TWST.OPT job=OPRA-20260914-KFMMSWGN9S files=1400/1805 rows=215825
BATCH_PROGRESS definition/TWST.OPT job=OPRA-20260914-KFMMSWGN9S files=1425/1805 rows=219951
BATCH_PROGRESS definition/TWST.OPT job=OPRA-20260914-KFMMSWGN9S files=1450/1805 rows=223897
BATCH_PROGRESS definition/TWST.OPT job=OPRA-20260914-KFMMSWGN9S files=1475/1805 rows=227407
BATCH_PROGRESS definition/TWST.OPT job=OPRA-20260914-KFMMSWGN9S files=1500/1805 rows=231103
BATCH_PROGRESS definition/TWST.OPT job=OPRA-20260914-KFMMSWGN9S files=1525/1805 rows=234667
BATCH_PROGRESS definition/TWST.OPT job=OPRA-20260914-KFMMSWGN9S files=1550/1805 rows=237845
BATCH_PROGRESS definition/TWST.OPT job=OPRA-20260914-KFMMSWGN9S files=1575/1805 rows=240913
BATCH_PROGRESS definition/TWST.OPT job=OPRA-20260914-KFMMSWGN9S files=1600/1805 rows=244101
BATCH_PROGRESS definition/TWST.OPT job=OPRA-20260914-KFMMSWGN9S files=1625/1805 rows=247293
BATCH_PROGRESS definition/TWST.OPT job=OPRA-20260914-KFMMSWGN9S files=1650/1805 rows=250583
BATCH_PROGRESS definition/TWST.OPT job=OPRA-20260914-KFMMSWGN9S files=1675/1805 rows=254769
BATCH_PROGRESS definition/TWST.OPT job=OPRA-20260914-KFMMSWGN9S files=1700/1805 rows=259237
BATCH_PROGRESS definition/TWST.OPT job=OPRA-20260914-KFMMSWGN9S files=1725/1805 rows=264087
BATCH_PROGRESS definition/TWST.OPT job=OPRA-20260914-KFMMSWGN9S files=1750/1805 rows=269599
BATCH_PROGRESS definition/TWST.OPT job=OPRA-20260914-KFMMSWGN9S files=1775/1805 rows=279265
BATCH_PROGRESS definition/TWST.OPT job=OPRA-20260914-KFMMSWGN9S files=1800/1805 rows=290691
BATCH_PROGRESS definition/TWST.OPT job=OPRA-20260914-KFMMSWGN9S files=1805/1805 rows=293281
COMPLETED_BATCH definition/TWST.OPT job=OPRA-20260914-KFMMSWGN9S published=1805 no_data=204
ONBOARDING OPRA.PILLAR/ohlcv-1h 2018-10-31 to 2026-09-12
BATCH_SCAN ohlcv-1h/TWST.OPT verified_existing=0 verified_no_data=0 missing=2009
WAITING_BATCH job=OPRA-20260914-KPQLXAH45L state=done progress=100
IGNORED_UNAVAILABLE_BATCH_FILES ohlcv-1h/TWST.OPT job=OPRA-20260914-KPQLXAH45L files=3
BATCH_PROGRESS ohlcv-1h/TWST.OPT job=OPRA-20260914-KPQLXAH45L files=25/1736 rows=46
BATCH_PROGRESS ohlcv-1h/TWST.OPT job=OPRA-20260914-KPQLXAH45L files=50/1736 rows=91
BATCH_PROGRESS ohlcv-1h/TWST.OPT job=OPRA-20260914-KPQLXAH45L files=75/1736 rows=168
BATCH_PROGRESS ohlcv-1h/TWST.OPT job=OPRA-20260914-KPQLXAH45L files=100/1736 rows=340
BATCH_PROGRESS ohlcv-1h/TWST.OPT job=OPRA-20260914-KPQLXAH45L files=125/1736 rows=429
BATCH_PROGRESS ohlcv-1h/TWST.OPT job=OPRA-20260914-KPQLXAH45L files=150/1736 rows=589
BATCH_PROGRESS ohlcv-1h/TWST.OPT job=OPRA-20260914-KPQLXAH45L files=175/1736 rows=767
BATCH_PROGRESS ohlcv-1h/TWST.OPT job=OPRA-20260914-KPQLXAH45L files=200/1736 rows=1015
BATCH_PROGRESS ohlcv-1h/TWST.OPT job=OPRA-20260914-KPQLXAH45L files=225/1736 rows=1514
BATCH_PROGRESS ohlcv-1h/TWST.OPT job=OPRA-20260914-KPQLXAH45L files=250/1736 rows=2220
BATCH_PROGRESS ohlcv-1h/TWST.OPT job=OPRA-20260914-KPQLXAH45L files=275/1736 rows=3047
BATCH_PROGRESS ohlcv-1h/TWST.OPT job=OPRA-20260914-KPQLXAH45L files=300/1736 rows=4666
BATCH_PROGRESS ohlcv-1h/TWST.OPT job=OPRA-20260914-KPQLXAH45L files=325/1736 rows=7476
BATCH_PROGRESS ohlcv-1h/TWST.OPT job=OPRA-20260914-KPQLXAH45L files=350/1736 rows=12418
BATCH_PROGRESS ohlcv-1h/TWST.OPT job=OPRA-20260914-KPQLXAH45L files=375/1736 rows=15249
BATCH_PROGRESS ohlcv-1h/TWST.OPT job=OPRA-20260914-KPQLXAH45L files=400/1736 rows=17454
BATCH_PROGRESS ohlcv-1h/TWST.OPT job=OPRA-20260914-KPQLXAH45L files=425/1736 rows=19381
BATCH_PROGRESS ohlcv-1h/TWST.OPT job=OPRA-20260914-KPQLXAH45L files=450/1736 rows=21224
BATCH_PROGRESS ohlcv-1h/TWST.OPT job=OPRA-20260914-KPQLXAH45L files=475/1736 rows=22643
BATCH_PROGRESS ohlcv-1h/TWST.OPT job=OPRA-20260914-KPQLXAH45L files=500/1736 rows=23738
BATCH_PROGRESS ohlcv-1h/TWST.OPT job=OPRA-20260914-KPQLXAH45L files=525/1736 rows=24900
BATCH_PROGRESS ohlcv-1h/TWST.OPT job=OPRA-20260914-KPQLXAH45L files=550/1736 rows=26085
BATCH_PROGRESS ohlcv-1h/TWST.OPT job=OPRA-20260914-KPQLXAH45L files=575/1736 rows=27247
BATCH_PROGRESS ohlcv-1h/TWST.OPT job=OPRA-20260914-KPQLXAH45L files=600/1736 rows=28330
BATCH_PROGRESS ohlcv-1h/TWST.OPT job=OPRA-20260914-KPQLXAH45L files=625/1736 rows=28992
BATCH_PROGRESS ohlcv-1h/TWST.OPT job=OPRA-20260914-KPQLXAH45L files=650/1736 rows=29743
BATCH_PROGRESS ohlcv-1h/TWST.OPT job=OPRA-20260914-KPQLXAH45L files=675/1736 rows=30308
BATCH_PROGRESS ohlcv-1h/TWST.OPT job=OPRA-20260914-KPQLXAH45L files=700/1736 rows=31090
BATCH_PROGRESS ohlcv-1h/TWST.OPT job=OPRA-20260914-KPQLXAH45L files=725/1736 rows=31892
BATCH_PROGRESS ohlcv-1h/TWST.OPT job=OPRA-20260914-KPQLXAH45L files=750/1736 rows=32377
BATCH_PROGRESS ohlcv-1h/TWST.OPT job=OPRA-20260914-KPQLXAH45L files=775/1736 rows=32920
BATCH_PROGRESS ohlcv-1h/TWST.OPT job=OPRA-20260914-KPQLXAH45L files=800/1736 rows=35688
BATCH_PROGRESS ohlcv-1h/TWST.OPT job=OPRA-20260914-KPQLXAH45L files=825/1736 rows=36672
BATCH_PROGRESS ohlcv-1h/TWST.OPT job=OPRA-20260914-KPQLXAH45L files=850/1736 rows=38286
BATCH_PROGRESS ohlcv-1h/TWST.OPT job=OPRA-20260914-KPQLXAH45L files=875/1736 rows=39360
BATCH_PROGRESS ohlcv-1h/TWST.OPT job=OPRA-20260914-KPQLXAH45L files=900/1736 rows=40219
BATCH_PROGRESS ohlcv-1h/TWST.OPT job=OPRA-20260914-KPQLXAH45L files=925/1736 rows=41019
BATCH_PROGRESS ohlcv-1h/TWST.OPT job=OPRA-20260914-KPQLXAH45L files=950/1736 rows=41959
BATCH_PROGRESS ohlcv-1h/TWST.OPT job=OPRA-20260914-KPQLXAH45L files=975/1736 rows=42804
BATCH_PROGRESS ohlcv-1h/TWST.OPT job=OPRA-20260914-KPQLXAH45L files=1000/1736 rows=43487
BATCH_PROGRESS ohlcv-1h/TWST.OPT job=OPRA-20260914-KPQLXAH45L files=1025/1736 rows=43938
BATCH_PROGRESS ohlcv-1h/TWST.OPT job=OPRA-20260914-KPQLXAH45L files=1050/1736 rows=45178
BATCH_PROGRESS ohlcv-1h/TWST.OPT job=OPRA-20260914-KPQLXAH45L files=1075/1736 rows=46412
BATCH_PROGRESS ohlcv-1h/TWST.OPT job=OPRA-20260914-KPQLXAH45L files=1100/1736 rows=47444
BATCH_PROGRESS ohlcv-1h/TWST.OPT job=OPRA-20260914-KPQLXAH45L files=1125/1736 rows=48045
BATCH_PROGRESS ohlcv-1h/TWST.OPT job=OPRA-20260914-KPQLXAH45L files=1150/1736 rows=49410
BATCH_PROGRESS ohlcv-1h/TWST.OPT job=OPRA-20260914-KPQLXAH45L files=1175/1736 rows=50461
BATCH_PROGRESS ohlcv-1h/TWST.OPT job=OPRA-20260914-KPQLXAH45L files=1200/1736 rows=51412
BATCH_PROGRESS ohlcv-1h/TWST.OPT job=OPRA-20260914-KPQLXAH45L files=1225/1736 rows=52157
BATCH_PROGRESS ohlcv-1h/TWST.OPT job=OPRA-20260914-KPQLXAH45L files=1250/1736 rows=52662
BATCH_PROGRESS ohlcv-1h/TWST.OPT job=OPRA-20260914-KPQLXAH45L files=1275/1736 rows=53068
BATCH_PROGRESS ohlcv-1h/TWST.OPT job=OPRA-20260914-KPQLXAH45L files=1300/1736 rows=53988
BATCH_PROGRESS ohlcv-1h/TWST.OPT job=OPRA-20260914-KPQLXAH45L files=1325/1736 rows=54797
BATCH_PROGRESS ohlcv-1h/TWST.OPT job=OPRA-20260914-KPQLXAH45L files=1350/1736 rows=55830
BATCH_PROGRESS ohlcv-1h/TWST.OPT job=OPRA-20260914-KPQLXAH45L files=1375/1736 rows=56353
BATCH_PROGRESS ohlcv-1h/TWST.OPT job=OPRA-20260914-KPQLXAH45L files=1400/1736 rows=56770
BATCH_PROGRESS ohlcv-1h/TWST.OPT job=OPRA-20260914-KPQLXAH45L files=1425/1736 rows=57347
BATCH_PROGRESS ohlcv-1h/TWST.OPT job=OPRA-20260914-KPQLXAH45L files=1450/1736 rows=57786
BATCH_PROGRESS ohlcv-1h/TWST.OPT job=OPRA-20260914-KPQLXAH45L files=1475/1736 rows=58582
BATCH_PROGRESS ohlcv-1h/TWST.OPT job=OPRA-20260914-KPQLXAH45L files=1500/1736 rows=59391
BATCH_PROGRESS ohlcv-1h/TWST.OPT job=OPRA-20260914-KPQLXAH45L files=1525/1736 rows=60882
BATCH_PROGRESS ohlcv-1h/TWST.OPT job=OPRA-20260914-KPQLXAH45L files=1550/1736 rows=61830
BATCH_PROGRESS ohlcv-1h/TWST.OPT job=OPRA-20260914-KPQLXAH45L files=1575/1736 rows=63122
BATCH_PROGRESS ohlcv-1h/TWST.OPT job=OPRA-20260914-KPQLXAH45L files=1600/1736 rows=64457
BATCH_PROGRESS ohlcv-1h/TWST.OPT job=OPRA-20260914-KPQLXAH45L files=1625/1736 rows=65096
BATCH_PROGRESS ohlcv-1h/TWST.OPT job=OPRA-20260914-KPQLXAH45L files=1650/1736 rows=66165
BATCH_PROGRESS ohlcv-1h/TWST.OPT job=OPRA-20260914-KPQLXAH45L files=1675/1736 rows=67261
BATCH_PROGRESS ohlcv-1h/TWST.OPT job=OPRA-20260914-KPQLXAH45L files=1700/1736 rows=69115
BATCH_PROGRESS ohlcv-1h/TWST.OPT job=OPRA-20260914-KPQLXAH45L files=1725/1736 rows=71913
BATCH_PROGRESS ohlcv-1h/TWST.OPT job=OPRA-20260914-KPQLXAH45L files=1736/1736 rows=73087
COMPLETED_BATCH ohlcv-1h/TWST.OPT job=OPRA-20260914-KPQLXAH45L published=1736 no_data=273
ONBOARDING OPRA.PILLAR/cbbo-1m 2025-09-14 to 2026-09-12
BATCH_SCAN cbbo-1m/TWST.OPT verified_existing=0 verified_no_data=0 missing=259
WAITING_BATCH job=OPRA-20260914-7KU7EKELCG state=done progress=100
IGNORED_UNAVAILABLE_BATCH_FILES cbbo-1m/TWST.OPT job=OPRA-20260914-7KU7EKELCG files=1
BATCH_PROGRESS cbbo-1m/TWST.OPT job=OPRA-20260914-7KU7EKELCG files=25/249 rows=407941
BATCH_PROGRESS cbbo-1m/TWST.OPT job=OPRA-20260914-7KU7EKELCG files=50/249 rows=819941
BATCH_PROGRESS cbbo-1m/TWST.OPT job=OPRA-20260914-7KU7EKELCG files=75/249 rows=1210116
BATCH_PROGRESS cbbo-1m/TWST.OPT job=OPRA-20260914-7KU7EKELCG files=100/249 rows=1759653
BATCH_PROGRESS cbbo-1m/TWST.OPT job=OPRA-20260914-7KU7EKELCG files=125/249 rows=2430024
BATCH_PROGRESS cbbo-1m/TWST.OPT job=OPRA-20260914-7KU7EKELCG files=150/249 rows=3203954
BATCH_PROGRESS cbbo-1m/TWST.OPT job=OPRA-20260914-7KU7EKELCG files=175/249 rows=4082176
BATCH_PROGRESS cbbo-1m/TWST.OPT job=OPRA-20260914-7KU7EKELCG files=200/249 rows=5213272
BATCH_PROGRESS cbbo-1m/TWST.OPT job=OPRA-20260914-7KU7EKELCG files=225/249 rows=6490531
BATCH_PROGRESS cbbo-1m/TWST.OPT job=OPRA-20260914-7KU7EKELCG files=249/249 rows=8260181
COMPLETED_BATCH cbbo-1m/TWST.OPT job=OPRA-20260914-7KU7EKELCG published=249 no_data=10
ONBOARDING OPRA.PILLAR/ohlcv-1s 2018-10-31 to 2026-09-12
BATCH_SCAN ohlcv-1s/TWST.OPT verified_existing=0 verified_no_data=0 missing=2009
WAITING_BATCH job=OPRA-20260914-CCMTFUX7G5 state=done progress=100
IGNORED_UNAVAILABLE_BATCH_FILES ohlcv-1s/TWST.OPT job=OPRA-20260914-CCMTFUX7G5 files=3
BATCH_PROGRESS ohlcv-1s/TWST.OPT job=OPRA-20260914-CCMTFUX7G5 files=25/1736 rows=55
BATCH_PROGRESS ohlcv-1s/TWST.OPT job=OPRA-20260914-CCMTFUX7G5 files=50/1736 rows=103
BATCH_PROGRESS ohlcv-1s/TWST.OPT job=OPRA-20260914-CCMTFUX7G5 files=75/1736 rows=222
BATCH_PROGRESS ohlcv-1s/TWST.OPT job=OPRA-20260914-CCMTFUX7G5 files=100/1736 rows=473
BATCH_PROGRESS ohlcv-1s/TWST.OPT job=OPRA-20260914-CCMTFUX7G5 files=125/1736 rows=574
BATCH_PROGRESS ohlcv-1s/TWST.OPT job=OPRA-20260914-CCMTFUX7G5 files=150/1736 rows=817
BATCH_PROGRESS ohlcv-1s/TWST.OPT job=OPRA-20260914-CCMTFUX7G5 files=175/1736 rows=1049
BATCH_PROGRESS ohlcv-1s/TWST.OPT job=OPRA-20260914-CCMTFUX7G5 files=200/1736 rows=1360
BATCH_PROGRESS ohlcv-1s/TWST.OPT job=OPRA-20260914-CCMTFUX7G5 files=225/1736 rows=1929
BATCH_PROGRESS ohlcv-1s/TWST.OPT job=OPRA-20260914-CCMTFUX7G5 files=250/1736 rows=2845
BATCH_PROGRESS ohlcv-1s/TWST.OPT job=OPRA-20260914-CCMTFUX7G5 files=275/1736 rows=3822
BATCH_PROGRESS ohlcv-1s/TWST.OPT job=OPRA-20260914-CCMTFUX7G5 files=300/1736 rows=5744
BATCH_PROGRESS ohlcv-1s/TWST.OPT job=OPRA-20260914-CCMTFUX7G5 files=325/1736 rows=9357
BATCH_PROGRESS ohlcv-1s/TWST.OPT job=OPRA-20260914-CCMTFUX7G5 files=350/1736 rows=15946
BATCH_PROGRESS ohlcv-1s/TWST.OPT job=OPRA-20260914-CCMTFUX7G5 files=375/1736 rows=19664
BATCH_PROGRESS ohlcv-1s/TWST.OPT job=OPRA-20260914-CCMTFUX7G5 files=400/1736 rows=22247
BATCH_PROGRESS ohlcv-1s/TWST.OPT job=OPRA-20260914-CCMTFUX7G5 files=425/1736 rows=24741
BATCH_PROGRESS ohlcv-1s/TWST.OPT job=OPRA-20260914-CCMTFUX7G5 files=450/1736 rows=26777
BATCH_PROGRESS ohlcv-1s/TWST.OPT job=OPRA-20260914-CCMTFUX7G5 files=475/1736 rows=28377
BATCH_PROGRESS ohlcv-1s/TWST.OPT job=OPRA-20260914-CCMTFUX7G5 files=500/1736 rows=29633
BATCH_PROGRESS ohlcv-1s/TWST.OPT job=OPRA-20260914-CCMTFUX7G5 files=525/1736 rows=30882
BATCH_PROGRESS ohlcv-1s/TWST.OPT job=OPRA-20260914-CCMTFUX7G5 files=550/1736 rows=32202
BATCH_PROGRESS ohlcv-1s/TWST.OPT job=OPRA-20260914-CCMTFUX7G5 files=575/1736 rows=33662
BATCH_PROGRESS ohlcv-1s/TWST.OPT job=OPRA-20260914-CCMTFUX7G5 files=600/1736 rows=35002
BATCH_PROGRESS ohlcv-1s/TWST.OPT job=OPRA-20260914-CCMTFUX7G5 files=625/1736 rows=35711
BATCH_PROGRESS ohlcv-1s/TWST.OPT job=OPRA-20260914-CCMTFUX7G5 files=650/1736 rows=36593
BATCH_PROGRESS ohlcv-1s/TWST.OPT job=OPRA-20260914-CCMTFUX7G5 files=675/1736 rows=37244
BATCH_PROGRESS ohlcv-1s/TWST.OPT job=OPRA-20260914-CCMTFUX7G5 files=700/1736 rows=38081
BATCH_PROGRESS ohlcv-1s/TWST.OPT job=OPRA-20260914-CCMTFUX7G5 files=725/1736 rows=39578
BATCH_PROGRESS ohlcv-1s/TWST.OPT job=OPRA-20260914-CCMTFUX7G5 files=750/1736 rows=40089
BATCH_PROGRESS ohlcv-1s/TWST.OPT job=OPRA-20260914-CCMTFUX7G5 files=775/1736 rows=40732
BATCH_PROGRESS ohlcv-1s/TWST.OPT job=OPRA-20260914-CCMTFUX7G5 files=800/1736 rows=44661
BATCH_PROGRESS ohlcv-1s/TWST.OPT job=OPRA-20260914-CCMTFUX7G5 files=825/1736 rows=45783
BATCH_PROGRESS ohlcv-1s/TWST.OPT job=OPRA-20260914-CCMTFUX7G5 files=850/1736 rows=48563
BATCH_PROGRESS ohlcv-1s/TWST.OPT job=OPRA-20260914-CCMTFUX7G5 files=875/1736 rows=49937
BATCH_PROGRESS ohlcv-1s/TWST.OPT job=OPRA-20260914-CCMTFUX7G5 files=900/1736 rows=51106
BATCH_PROGRESS ohlcv-1s/TWST.OPT job=OPRA-20260914-CCMTFUX7G5 files=925/1736 rows=52093
BATCH_PROGRESS ohlcv-1s/TWST.OPT job=OPRA-20260914-CCMTFUX7G5 files=950/1736 rows=53089
BATCH_PROGRESS ohlcv-1s/TWST.OPT job=OPRA-20260914-CCMTFUX7G5 files=975/1736 rows=53996
BATCH_PROGRESS ohlcv-1s/TWST.OPT job=OPRA-20260914-CCMTFUX7G5 files=1000/1736 rows=54985
BATCH_PROGRESS ohlcv-1s/TWST.OPT job=OPRA-20260914-CCMTFUX7G5 files=1025/1736 rows=55467
BATCH_PROGRESS ohlcv-1s/TWST.OPT job=OPRA-20260914-CCMTFUX7G5 files=1050/1736 rows=57506
BATCH_PROGRESS ohlcv-1s/TWST.OPT job=OPRA-20260914-CCMTFUX7G5 files=1075/1736 rows=59334
BATCH_PROGRESS ohlcv-1s/TWST.OPT job=OPRA-20260914-CCMTFUX7G5 files=1100/1736 rows=61062
BATCH_PROGRESS ohlcv-1s/TWST.OPT job=OPRA-20260914-CCMTFUX7G5 files=1125/1736 rows=61869
BATCH_PROGRESS ohlcv-1s/TWST.OPT job=OPRA-20260914-CCMTFUX7G5 files=1150/1736 rows=65319
BATCH_PROGRESS ohlcv-1s/TWST.OPT job=OPRA-20260914-CCMTFUX7G5 files=1175/1736 rows=67281
BATCH_PROGRESS ohlcv-1s/TWST.OPT job=OPRA-20260914-CCMTFUX7G5 files=1200/1736 rows=68376
BATCH_PROGRESS ohlcv-1s/TWST.OPT job=OPRA-20260914-CCMTFUX7G5 files=1225/1736 rows=69339
BATCH_PROGRESS ohlcv-1s/TWST.OPT job=OPRA-20260914-CCMTFUX7G5 files=1250/1736 rows=69886
BATCH_PROGRESS ohlcv-1s/TWST.OPT job=OPRA-20260914-CCMTFUX7G5 files=1275/1736 rows=70494
BATCH_PROGRESS ohlcv-1s/TWST.OPT job=OPRA-20260914-CCMTFUX7G5 files=1300/1736 rows=71740
BATCH_PROGRESS ohlcv-1s/TWST.OPT job=OPRA-20260914-CCMTFUX7G5 files=1325/1736 rows=72847
BATCH_PROGRESS ohlcv-1s/TWST.OPT job=OPRA-20260914-CCMTFUX7G5 files=1350/1736 rows=73998
BATCH_PROGRESS ohlcv-1s/TWST.OPT job=OPRA-20260914-CCMTFUX7G5 files=1375/1736 rows=74621
BATCH_PROGRESS ohlcv-1s/TWST.OPT job=OPRA-20260914-CCMTFUX7G5 files=1400/1736 rows=75082
BATCH_PROGRESS ohlcv-1s/TWST.OPT job=OPRA-20260914-CCMTFUX7G5 files=1425/1736 rows=75690
BATCH_PROGRESS ohlcv-1s/TWST.OPT job=OPRA-20260914-CCMTFUX7G5 files=1450/1736 rows=76164
BATCH_PROGRESS ohlcv-1s/TWST.OPT job=OPRA-20260914-CCMTFUX7G5 files=1475/1736 rows=77081
BATCH_PROGRESS ohlcv-1s/TWST.OPT job=OPRA-20260914-CCMTFUX7G5 files=1500/1736 rows=78076
BATCH_PROGRESS ohlcv-1s/TWST.OPT job=OPRA-20260914-CCMTFUX7G5 files=1525/1736 rows=79751
BATCH_PROGRESS ohlcv-1s/TWST.OPT job=OPRA-20260914-CCMTFUX7G5 files=1550/1736 rows=80875
BATCH_PROGRESS ohlcv-1s/TWST.OPT job=OPRA-20260914-CCMTFUX7G5 files=1575/1736 rows=82315
BATCH_PROGRESS ohlcv-1s/TWST.OPT job=OPRA-20260914-CCMTFUX7G5 files=1600/1736 rows=83799
BATCH_PROGRESS ohlcv-1s/TWST.OPT job=OPRA-20260914-CCMTFUX7G5 files=1625/1736 rows=84515
BATCH_PROGRESS ohlcv-1s/TWST.OPT job=OPRA-20260914-CCMTFUX7G5 files=1650/1736 rows=85743
BATCH_PROGRESS ohlcv-1s/TWST.OPT job=OPRA-20260914-CCMTFUX7G5 files=1675/1736 rows=87024
BATCH_PROGRESS ohlcv-1s/TWST.OPT job=OPRA-20260914-CCMTFUX7G5 files=1700/1736 rows=89162
BATCH_PROGRESS ohlcv-1s/TWST.OPT job=OPRA-20260914-CCMTFUX7G5 files=1725/1736 rows=92736
BATCH_PROGRESS ohlcv-1s/TWST.OPT job=OPRA-20260914-CCMTFUX7G5 files=1736/1736 rows=94273
COMPLETED_BATCH ohlcv-1s/TWST.OPT job=OPRA-20260914-CCMTFUX7G5 published=1736 no_data=273
ONBOARDING OPRA.PILLAR/ohlcv-1m 2018-10-31 to 2026-09-12
BATCH_SCAN ohlcv-1m/TWST.OPT verified_existing=0 verified_no_data=0 missing=2009
WAITING_BATCH job=OPRA-20260914-HM6BGD3ATP state=done progress=100
IGNORED_UNAVAILABLE_BATCH_FILES ohlcv-1m/TWST.OPT job=OPRA-20260914-HM6BGD3ATP files=3
BATCH_PROGRESS ohlcv-1m/TWST.OPT job=OPRA-20260914-HM6BGD3ATP files=25/1736 rows=51
BATCH_PROGRESS ohlcv-1m/TWST.OPT job=OPRA-20260914-HM6BGD3ATP files=50/1736 rows=99
BATCH_PROGRESS ohlcv-1m/TWST.OPT job=OPRA-20260914-HM6BGD3ATP files=75/1736 rows=203
BATCH_PROGRESS ohlcv-1m/TWST.OPT job=OPRA-20260914-HM6BGD3ATP files=100/1736 rows=428
BATCH_PROGRESS ohlcv-1m/TWST.OPT job=OPRA-20260914-HM6BGD3ATP files=125/1736 rows=526
BATCH_PROGRESS ohlcv-1m/TWST.OPT job=OPRA-20260914-HM6BGD3ATP files=150/1736 rows=735
BATCH_PROGRESS ohlcv-1m/TWST.OPT job=OPRA-20260914-HM6BGD3ATP files=175/1736 rows=948
BATCH_PROGRESS ohlcv-1m/TWST.OPT job=OPRA-20260914-HM6BGD3ATP files=200/1736 rows=1248
BATCH_PROGRESS ohlcv-1m/TWST.OPT job=OPRA-20260914-HM6BGD3ATP files=225/1736 rows=1802
BATCH_PROGRESS ohlcv-1m/TWST.OPT job=OPRA-20260914-HM6BGD3ATP files=250/1736 rows=2671
BATCH_PROGRESS ohlcv-1m/TWST.OPT job=OPRA-20260914-HM6BGD3ATP files=275/1736 rows=3606
BATCH_PROGRESS ohlcv-1m/TWST.OPT job=OPRA-20260914-HM6BGD3ATP files=300/1736 rows=5452
BATCH_PROGRESS ohlcv-1m/TWST.OPT job=OPRA-20260914-HM6BGD3ATP files=325/1736 rows=8827
BATCH_PROGRESS ohlcv-1m/TWST.OPT job=OPRA-20260914-HM6BGD3ATP files=350/1736 rows=14986
BATCH_PROGRESS ohlcv-1m/TWST.OPT job=OPRA-20260914-HM6BGD3ATP files=375/1736 rows=18278
BATCH_PROGRESS ohlcv-1m/TWST.OPT job=OPRA-20260914-HM6BGD3ATP files=400/1736 rows=20729
BATCH_PROGRESS ohlcv-1m/TWST.OPT job=OPRA-20260914-HM6BGD3ATP files=425/1736 rows=22961
BATCH_PROGRESS ohlcv-1m/TWST.OPT job=OPRA-20260914-HM6BGD3ATP files=450/1736 rows=24931
BATCH_PROGRESS ohlcv-1m/TWST.OPT job=OPRA-20260914-HM6BGD3ATP files=475/1736 rows=26457
BATCH_PROGRESS ohlcv-1m/TWST.OPT job=OPRA-20260914-HM6BGD3ATP files=500/1736 rows=27635
BATCH_PROGRESS ohlcv-1m/TWST.OPT job=OPRA-20260914-HM6BGD3ATP files=525/1736 rows=28856
BATCH_PROGRESS ohlcv-1m/TWST.OPT job=OPRA-20260914-HM6BGD3ATP files=550/1736 rows=30135
BATCH_PROGRESS ohlcv-1m/TWST.OPT job=OPRA-20260914-HM6BGD3ATP files=575/1736 rows=31421
BATCH_PROGRESS ohlcv-1m/TWST.OPT job=OPRA-20260914-HM6BGD3ATP files=600/1736 rows=32606
BATCH_PROGRESS ohlcv-1m/TWST.OPT job=OPRA-20260914-HM6BGD3ATP files=625/1736 rows=33288
BATCH_PROGRESS ohlcv-1m/TWST.OPT job=OPRA-20260914-HM6BGD3ATP files=650/1736 rows=34119
BATCH_PROGRESS ohlcv-1m/TWST.OPT job=OPRA-20260914-HM6BGD3ATP files=675/1736 rows=34735
BATCH_PROGRESS ohlcv-1m/TWST.OPT job=OPRA-20260914-HM6BGD3ATP files=700/1736 rows=35556
BATCH_PROGRESS ohlcv-1m/TWST.OPT job=OPRA-20260914-HM6BGD3ATP files=725/1736 rows=36635
BATCH_PROGRESS ohlcv-1m/TWST.OPT job=OPRA-20260914-HM6BGD3ATP files=750/1736 rows=37137
BATCH_PROGRESS ohlcv-1m/TWST.OPT job=OPRA-20260914-HM6BGD3ATP files=775/1736 rows=37735
BATCH_PROGRESS ohlcv-1m/TWST.OPT job=OPRA-20260914-HM6BGD3ATP files=800/1736 rows=41309
BATCH_PROGRESS ohlcv-1m/TWST.OPT job=OPRA-20260914-HM6BGD3ATP files=825/1736 rows=42357
BATCH_PROGRESS ohlcv-1m/TWST.OPT job=OPRA-20260914-HM6BGD3ATP files=850/1736 rows=44452
BATCH_PROGRESS ohlcv-1m/TWST.OPT job=OPRA-20260914-HM6BGD3ATP files=875/1736 rows=45636
BATCH_PROGRESS ohlcv-1m/TWST.OPT job=OPRA-20260914-HM6BGD3ATP files=900/1736 rows=46626
BATCH_PROGRESS ohlcv-1m/TWST.OPT job=OPRA-20260914-HM6BGD3ATP files=925/1736 rows=47507
BATCH_PROGRESS ohlcv-1m/TWST.OPT job=OPRA-20260914-HM6BGD3ATP files=950/1736 rows=48487
BATCH_PROGRESS ohlcv-1m/TWST.OPT job=OPRA-20260914-HM6BGD3ATP files=975/1736 rows=49365
BATCH_PROGRESS ohlcv-1m/TWST.OPT job=OPRA-20260914-HM6BGD3ATP files=1000/1736 rows=50144
BATCH_PROGRESS ohlcv-1m/TWST.OPT job=OPRA-20260914-HM6BGD3ATP files=1025/1736 rows=50610
BATCH_PROGRESS ohlcv-1m/TWST.OPT job=OPRA-20260914-HM6BGD3ATP files=1050/1736 rows=52135
BATCH_PROGRESS ohlcv-1m/TWST.OPT job=OPRA-20260914-HM6BGD3ATP files=1075/1736 rows=53590
BATCH_PROGRESS ohlcv-1m/TWST.OPT job=OPRA-20260914-HM6BGD3ATP files=1100/1736 rows=54856
BATCH_PROGRESS ohlcv-1m/TWST.OPT job=OPRA-20260914-HM6BGD3ATP files=1125/1736 rows=55519
BATCH_PROGRESS ohlcv-1m/TWST.OPT job=OPRA-20260914-HM6BGD3ATP files=1150/1736 rows=57770
BATCH_PROGRESS ohlcv-1m/TWST.OPT job=OPRA-20260914-HM6BGD3ATP files=1175/1736 rows=59144
BATCH_PROGRESS ohlcv-1m/TWST.OPT job=OPRA-20260914-HM6BGD3ATP files=1200/1736 rows=60174
BATCH_PROGRESS ohlcv-1m/TWST.OPT job=OPRA-20260914-HM6BGD3ATP files=1225/1736 rows=61007
BATCH_PROGRESS ohlcv-1m/TWST.OPT job=OPRA-20260914-HM6BGD3ATP files=1250/1736 rows=61538
BATCH_PROGRESS ohlcv-1m/TWST.OPT job=OPRA-20260914-HM6BGD3ATP files=1275/1736 rows=62054
BATCH_PROGRESS ohlcv-1m/TWST.OPT job=OPRA-20260914-HM6BGD3ATP files=1300/1736 rows=63095
BATCH_PROGRESS ohlcv-1m/TWST.OPT job=OPRA-20260914-HM6BGD3ATP files=1325/1736 rows=64059
BATCH_PROGRESS ohlcv-1m/TWST.OPT job=OPRA-20260914-HM6BGD3ATP files=1350/1736 rows=65147
BATCH_PROGRESS ohlcv-1m/TWST.OPT job=OPRA-20260914-HM6BGD3ATP files=1375/1736 rows=65695
BATCH_PROGRESS ohlcv-1m/TWST.OPT job=OPRA-20260914-HM6BGD3ATP files=1400/1736 rows=66142
BATCH_PROGRESS ohlcv-1m/TWST.OPT job=OPRA-20260914-HM6BGD3ATP files=1425/1736 rows=66743
BATCH_PROGRESS ohlcv-1m/TWST.OPT job=OPRA-20260914-HM6BGD3ATP files=1450/1736 rows=67194
BATCH_PROGRESS ohlcv-1m/TWST.OPT job=OPRA-20260914-HM6BGD3ATP files=1475/1736 rows=68076
BATCH_PROGRESS ohlcv-1m/TWST.OPT job=OPRA-20260914-HM6BGD3ATP files=1500/1736 rows=68976
BATCH_PROGRESS ohlcv-1m/TWST.OPT job=OPRA-20260914-HM6BGD3ATP files=1525/1736 rows=70602
BATCH_PROGRESS ohlcv-1m/TWST.OPT job=OPRA-20260914-HM6BGD3ATP files=1550/1736 rows=71668
BATCH_PROGRESS ohlcv-1m/TWST.OPT job=OPRA-20260914-HM6BGD3ATP files=1575/1736 rows=73054
BATCH_PROGRESS ohlcv-1m/TWST.OPT job=OPRA-20260914-HM6BGD3ATP files=1600/1736 rows=74491
BATCH_PROGRESS ohlcv-1m/TWST.OPT job=OPRA-20260914-HM6BGD3ATP files=1625/1736 rows=75193
BATCH_PROGRESS ohlcv-1m/TWST.OPT job=OPRA-20260914-HM6BGD3ATP files=1650/1736 rows=76369
BATCH_PROGRESS ohlcv-1m/TWST.OPT job=OPRA-20260914-HM6BGD3ATP files=1675/1736 rows=77571
BATCH_PROGRESS ohlcv-1m/TWST.OPT job=OPRA-20260914-HM6BGD3ATP files=1700/1736 rows=79602
BATCH_PROGRESS ohlcv-1m/TWST.OPT job=OPRA-20260914-HM6BGD3ATP files=1725/1736 rows=82789
BATCH_PROGRESS ohlcv-1m/TWST.OPT job=OPRA-20260914-HM6BGD3ATP files=1736/1736 rows=84128
COMPLETED_BATCH ohlcv-1m/TWST.OPT job=OPRA-20260914-HM6BGD3ATP published=1736 no_data=273
ONBOARDING OPRA.PILLAR/ohlcv-1d 2018-10-31 to 2026-09-12
BATCH_SCAN ohlcv-1d/TWST.OPT verified_existing=0 verified_no_data=0 missing=2009
WAITING_BATCH job=OPRA-20260914-PNW7HB5DH5 state=done progress=100
IGNORED_UNAVAILABLE_BATCH_FILES ohlcv-1d/TWST.OPT job=OPRA-20260914-PNW7HB5DH5 files=3
BATCH_PROGRESS ohlcv-1d/TWST.OPT job=OPRA-20260914-PNW7HB5DH5 files=25/1736 rows=43
BATCH_PROGRESS ohlcv-1d/TWST.OPT job=OPRA-20260914-PNW7HB5DH5 files=50/1736 rows=81
BATCH_PROGRESS ohlcv-1d/TWST.OPT job=OPRA-20260914-PNW7HB5DH5 files=75/1736 rows=142
BATCH_PROGRESS ohlcv-1d/TWST.OPT job=OPRA-20260914-PNW7HB5DH5 files=100/1736 rows=268
BATCH_PROGRESS ohlcv-1d/TWST.OPT job=OPRA-20260914-PNW7HB5DH5 files=125/1736 rows=347
BATCH_PROGRESS ohlcv-1d/TWST.OPT job=OPRA-20260914-PNW7HB5DH5 files=150/1736 rows=468
BATCH_PROGRESS ohlcv-1d/TWST.OPT job=OPRA-20260914-PNW7HB5DH5 files=175/1736 rows=604
BATCH_PROGRESS ohlcv-1d/TWST.OPT job=OPRA-20260914-PNW7HB5DH5 files=200/1736 rows=797
BATCH_PROGRESS ohlcv-1d/TWST.OPT job=OPRA-20260914-PNW7HB5DH5 files=225/1736 rows=1194
BATCH_PROGRESS ohlcv-1d/TWST.OPT job=OPRA-20260914-PNW7HB5DH5 files=250/1736 rows=1690
BATCH_PROGRESS ohlcv-1d/TWST.OPT job=OPRA-20260914-PNW7HB5DH5 files=275/1736 rows=2340
BATCH_PROGRESS ohlcv-1d/TWST.OPT job=OPRA-20260914-PNW7HB5DH5 files=300/1736 rows=3634
BATCH_PROGRESS ohlcv-1d/TWST.OPT job=OPRA-20260914-PNW7HB5DH5 files=325/1736 rows=5820
BATCH_PROGRESS ohlcv-1d/TWST.OPT job=OPRA-20260914-PNW7HB5DH5 files=350/1736 rows=9181
BATCH_PROGRESS ohlcv-1d/TWST.OPT job=OPRA-20260914-PNW7HB5DH5 files=375/1736 rows=11564
BATCH_PROGRESS ohlcv-1d/TWST.OPT job=OPRA-20260914-PNW7HB5DH5 files=400/1736 rows=13440
BATCH_PROGRESS ohlcv-1d/TWST.OPT job=OPRA-20260914-PNW7HB5DH5 files=425/1736 rows=15065
BATCH_PROGRESS ohlcv-1d/TWST.OPT job=OPRA-20260914-PNW7HB5DH5 files=450/1736 rows=16690
BATCH_PROGRESS ohlcv-1d/TWST.OPT job=OPRA-20260914-PNW7HB5DH5 files=475/1736 rows=17914
BATCH_PROGRESS ohlcv-1d/TWST.OPT job=OPRA-20260914-PNW7HB5DH5 files=500/1736 rows=18917
BATCH_PROGRESS ohlcv-1d/TWST.OPT job=OPRA-20260914-PNW7HB5DH5 files=525/1736 rows=19969
BATCH_PROGRESS ohlcv-1d/TWST.OPT job=OPRA-20260914-PNW7HB5DH5 files=550/1736 rows=21026
BATCH_PROGRESS ohlcv-1d/TWST.OPT job=OPRA-20260914-PNW7HB5DH5 files=575/1736 rows=22091
BATCH_PROGRESS ohlcv-1d/TWST.OPT job=OPRA-20260914-PNW7HB5DH5 files=600/1736 rows=23049
BATCH_PROGRESS ohlcv-1d/TWST.OPT job=OPRA-20260914-PNW7HB5DH5 files=625/1736 rows=23654
BATCH_PROGRESS ohlcv-1d/TWST.OPT job=OPRA-20260914-PNW7HB5DH5 files=650/1736 rows=24349
BATCH_PROGRESS ohlcv-1d/TWST.OPT job=OPRA-20260914-PNW7HB5DH5 files=675/1736 rows=24884
BATCH_PROGRESS ohlcv-1d/TWST.OPT job=OPRA-20260914-PNW7HB5DH5 files=700/1736 rows=25590
BATCH_PROGRESS ohlcv-1d/TWST.OPT job=OPRA-20260914-PNW7HB5DH5 files=725/1736 rows=26320
BATCH_PROGRESS ohlcv-1d/TWST.OPT job=OPRA-20260914-PNW7HB5DH5 files=750/1736 rows=26781
BATCH_PROGRESS ohlcv-1d/TWST.OPT job=OPRA-20260914-PNW7HB5DH5 files=775/1736 rows=27266
BATCH_PROGRESS ohlcv-1d/TWST.OPT job=OPRA-20260914-PNW7HB5DH5 files=800/1736 rows=29226
BATCH_PROGRESS ohlcv-1d/TWST.OPT job=OPRA-20260914-PNW7HB5DH5 files=825/1736 rows=30108
BATCH_PROGRESS ohlcv-1d/TWST.OPT job=OPRA-20260914-PNW7HB5DH5 files=850/1736 rows=31427
BATCH_PROGRESS ohlcv-1d/TWST.OPT job=OPRA-20260914-PNW7HB5DH5 files=875/1736 rows=32379
BATCH_PROGRESS ohlcv-1d/TWST.OPT job=OPRA-20260914-PNW7HB5DH5 files=900/1736 rows=33132
BATCH_PROGRESS ohlcv-1d/TWST.OPT job=OPRA-20260914-PNW7HB5DH5 files=925/1736 rows=33843
BATCH_PROGRESS ohlcv-1d/TWST.OPT job=OPRA-20260914-PNW7HB5DH5 files=950/1736 rows=34685
BATCH_PROGRESS ohlcv-1d/TWST.OPT job=OPRA-20260914-PNW7HB5DH5 files=975/1736 rows=35460
BATCH_PROGRESS ohlcv-1d/TWST.OPT job=OPRA-20260914-PNW7HB5DH5 files=1000/1736 rows=36079
BATCH_PROGRESS ohlcv-1d/TWST.OPT job=OPRA-20260914-PNW7HB5DH5 files=1025/1736 rows=36508
BATCH_PROGRESS ohlcv-1d/TWST.OPT job=OPRA-20260914-PNW7HB5DH5 files=1050/1736 rows=37509
BATCH_PROGRESS ohlcv-1d/TWST.OPT job=OPRA-20260914-PNW7HB5DH5 files=1075/1736 rows=38590
BATCH_PROGRESS ohlcv-1d/TWST.OPT job=OPRA-20260914-PNW7HB5DH5 files=1100/1736 rows=39480
BATCH_PROGRESS ohlcv-1d/TWST.OPT job=OPRA-20260914-PNW7HB5DH5 files=1125/1736 rows=40026
BATCH_PROGRESS ohlcv-1d/TWST.OPT job=OPRA-20260914-PNW7HB5DH5 files=1150/1736 rows=41092
BATCH_PROGRESS ohlcv-1d/TWST.OPT job=OPRA-20260914-PNW7HB5DH5 files=1175/1736 rows=42060
BATCH_PROGRESS ohlcv-1d/TWST.OPT job=OPRA-20260914-PNW7HB5DH5 files=1200/1736 rows=42937
BATCH_PROGRESS ohlcv-1d/TWST.OPT job=OPRA-20260914-PNW7HB5DH5 files=1225/1736 rows=43605
BATCH_PROGRESS ohlcv-1d/TWST.OPT job=OPRA-20260914-PNW7HB5DH5 files=1250/1736 rows=44074
BATCH_PROGRESS ohlcv-1d/TWST.OPT job=OPRA-20260914-PNW7HB5DH5 files=1275/1736 rows=44442
BATCH_PROGRESS ohlcv-1d/TWST.OPT job=OPRA-20260914-PNW7HB5DH5 files=1300/1736 rows=45262
BATCH_PROGRESS ohlcv-1d/TWST.OPT job=OPRA-20260914-PNW7HB5DH5 files=1325/1736 rows=45999
BATCH_PROGRESS ohlcv-1d/TWST.OPT job=OPRA-20260914-PNW7HB5DH5 files=1350/1736 rows=46919
BATCH_PROGRESS ohlcv-1d/TWST.OPT job=OPRA-20260914-PNW7HB5DH5 files=1375/1736 rows=47419
BATCH_PROGRESS ohlcv-1d/TWST.OPT job=OPRA-20260914-PNW7HB5DH5 files=1400/1736 rows=47813
BATCH_PROGRESS ohlcv-1d/TWST.OPT job=OPRA-20260914-PNW7HB5DH5 files=1425/1736 rows=48345
BATCH_PROGRESS ohlcv-1d/TWST.OPT job=OPRA-20260914-PNW7HB5DH5 files=1450/1736 rows=48758
BATCH_PROGRESS ohlcv-1d/TWST.OPT job=OPRA-20260914-PNW7HB5DH5 files=1475/1736 rows=49448
BATCH_PROGRESS ohlcv-1d/TWST.OPT job=OPRA-20260914-PNW7HB5DH5 files=1500/1736 rows=50156
BATCH_PROGRESS ohlcv-1d/TWST.OPT job=OPRA-20260914-PNW7HB5DH5 files=1525/1736 rows=51458
BATCH_PROGRESS ohlcv-1d/TWST.OPT job=OPRA-20260914-PNW7HB5DH5 files=1550/1736 rows=52300
BATCH_PROGRESS ohlcv-1d/TWST.OPT job=OPRA-20260914-PNW7HB5DH5 files=1575/1736 rows=53410
BATCH_PROGRESS ohlcv-1d/TWST.OPT job=OPRA-20260914-PNW7HB5DH5 files=1600/1736 rows=54585
BATCH_PROGRESS ohlcv-1d/TWST.OPT job=OPRA-20260914-PNW7HB5DH5 files=1625/1736 rows=55179
BATCH_PROGRESS ohlcv-1d/TWST.OPT job=OPRA-20260914-PNW7HB5DH5 files=1650/1736 rows=56152
BATCH_PROGRESS ohlcv-1d/TWST.OPT job=OPRA-20260914-PNW7HB5DH5 files=1675/1736 rows=57129
BATCH_PROGRESS ohlcv-1d/TWST.OPT job=OPRA-20260914-PNW7HB5DH5 files=1700/1736 rows=58814
BATCH_PROGRESS ohlcv-1d/TWST.OPT job=OPRA-20260914-PNW7HB5DH5 files=1725/1736 rows=61247
BATCH_PROGRESS ohlcv-1d/TWST.OPT job=OPRA-20260914-PNW7HB5DH5 files=1736/1736 rows=62300
COMPLETED_BATCH ohlcv-1d/TWST.OPT job=OPRA-20260914-PNW7HB5DH5 published=1736 no_data=273
ONBOARDING OPRA.PILLAR/statistics 2018-10-31 to 2026-09-12
BATCH_SCAN statistics/TWST.OPT verified_existing=0 verified_no_data=0 missing=2009
WAITING_BATCH job=OPRA-20260914-VBUW5B7YTY state=done progress=100
IGNORED_UNAVAILABLE_BATCH_FILES statistics/TWST.OPT job=OPRA-20260914-VBUW5B7YTY files=3
BATCH_PROGRESS statistics/TWST.OPT job=OPRA-20260914-VBUW5B7YTY files=25/1805 rows=756
BATCH_PROGRESS statistics/TWST.OPT job=OPRA-20260914-VBUW5B7YTY files=50/1805 rows=1836
BATCH_PROGRESS statistics/TWST.OPT job=OPRA-20260914-VBUW5B7YTY files=75/1805 rows=3090
BATCH_PROGRESS statistics/TWST.OPT job=OPRA-20260914-VBUW5B7YTY files=100/1805 rows=4568
BATCH_PROGRESS statistics/TWST.OPT job=OPRA-20260914-VBUW5B7YTY files=125/1805 rows=5968
BATCH_PROGRESS statistics/TWST.OPT job=OPRA-20260914-VBUW5B7YTY files=150/1805 rows=7440
BATCH_PROGRESS statistics/TWST.OPT job=OPRA-20260914-VBUW5B7YTY files=175/1805 rows=9116
BATCH_PROGRESS statistics/TWST.OPT job=OPRA-20260914-VBUW5B7YTY files=200/1805 rows=10866
BATCH_PROGRESS statistics/TWST.OPT job=OPRA-20260914-VBUW5B7YTY files=225/1805 rows=12884
BATCH_PROGRESS statistics/TWST.OPT job=OPRA-20260914-VBUW5B7YTY files=250/1805 rows=15002
BATCH_PROGRESS statistics/TWST.OPT job=OPRA-20260914-VBUW5B7YTY files=275/1805 rows=17576
BATCH_PROGRESS statistics/TWST.OPT job=OPRA-20260914-VBUW5B7YTY files=300/1805 rows=20666
BATCH_PROGRESS statistics/TWST.OPT job=OPRA-20260914-VBUW5B7YTY files=325/1805 rows=24034
BATCH_PROGRESS statistics/TWST.OPT job=OPRA-20260914-VBUW5B7YTY files=350/1805 rows=27771
BATCH_PROGRESS statistics/TWST.OPT job=OPRA-20260914-VBUW5B7YTY files=375/1805 rows=33863
BATCH_PROGRESS statistics/TWST.OPT job=OPRA-20260914-VBUW5B7YTY files=400/1805 rows=40509
BATCH_PROGRESS statistics/TWST.OPT job=OPRA-20260914-VBUW5B7YTY files=425/1805 rows=47165
BATCH_PROGRESS statistics/TWST.OPT job=OPRA-20260914-VBUW5B7YTY files=450/1805 rows=54329
BATCH_PROGRESS statistics/TWST.OPT job=OPRA-20260914-VBUW5B7YTY files=475/1805 rows=61087
BATCH_PROGRESS statistics/TWST.OPT job=OPRA-20260914-VBUW5B7YTY files=500/1805 rows=67493
BATCH_PROGRESS statistics/TWST.OPT job=OPRA-20260914-VBUW5B7YTY files=525/1805 rows=73973
BATCH_PROGRESS statistics/TWST.OPT job=OPRA-20260914-VBUW5B7YTY files=550/1805 rows=80027
BATCH_PROGRESS statistics/TWST.OPT job=OPRA-20260914-VBUW5B7YTY files=575/1805 rows=85975
BATCH_PROGRESS statistics/TWST.OPT job=OPRA-20260914-VBUW5B7YTY files=600/1805 rows=91537
BATCH_PROGRESS statistics/TWST.OPT job=OPRA-20260914-VBUW5B7YTY files=625/1805 rows=97405
BATCH_PROGRESS statistics/TWST.OPT job=OPRA-20260914-VBUW5B7YTY files=650/1805 rows=102687
BATCH_PROGRESS statistics/TWST.OPT job=OPRA-20260914-VBUW5B7YTY files=675/1805 rows=107335
BATCH_PROGRESS statistics/TWST.OPT job=OPRA-20260914-VBUW5B7YTY files=700/1805 rows=111991
BATCH_PROGRESS statistics/TWST.OPT job=OPRA-20260914-VBUW5B7YTY files=725/1805 rows=115813
BATCH_PROGRESS statistics/TWST.OPT job=OPRA-20260914-VBUW5B7YTY files=750/1805 rows=119463
BATCH_PROGRESS statistics/TWST.OPT job=OPRA-20260914-VBUW5B7YTY files=775/1805 rows=122641
BATCH_PROGRESS statistics/TWST.OPT job=OPRA-20260914-VBUW5B7YTY files=800/1805 rows=125647
BATCH_PROGRESS statistics/TWST.OPT job=OPRA-20260914-VBUW5B7YTY files=825/1805 rows=128595
BATCH_PROGRESS statistics/TWST.OPT job=OPRA-20260914-VBUW5B7YTY files=850/1805 rows=131465
BATCH_PROGRESS statistics/TWST.OPT job=OPRA-20260914-VBUW5B7YTY files=875/1805 rows=135085
BATCH_PROGRESS statistics/TWST.OPT job=OPRA-20260914-VBUW5B7YTY files=900/1805 rows=138547
BATCH_PROGRESS statistics/TWST.OPT job=OPRA-20260914-VBUW5B7YTY files=925/1805 rows=142441
BATCH_PROGRESS statistics/TWST.OPT job=OPRA-20260914-VBUW5B7YTY files=950/1805 rows=296916
BATCH_PROGRESS statistics/TWST.OPT job=OPRA-20260914-VBUW5B7YTY files=975/1805 rows=621481
BATCH_PROGRESS statistics/TWST.OPT job=OPRA-20260914-VBUW5B7YTY files=1000/1805 rows=897878
BATCH_PROGRESS statistics/TWST.OPT job=OPRA-20260914-VBUW5B7YTY files=1025/1805 rows=1167378
BATCH_PROGRESS statistics/TWST.OPT job=OPRA-20260914-VBUW5B7YTY files=1050/1805 rows=1395009
BATCH_PROGRESS statistics/TWST.OPT job=OPRA-20260914-VBUW5B7YTY files=1075/1805 rows=1613121
BATCH_PROGRESS statistics/TWST.OPT job=OPRA-20260914-VBUW5B7YTY files=1100/1805 rows=1805182
BATCH_PROGRESS statistics/TWST.OPT job=OPRA-20260914-VBUW5B7YTY files=1125/1805 rows=1979827
BATCH_PROGRESS statistics/TWST.OPT job=OPRA-20260914-VBUW5B7YTY files=1150/1805 rows=2207621
BATCH_PROGRESS statistics/TWST.OPT job=OPRA-20260914-VBUW5B7YTY files=1175/1805 rows=2419403
BATCH_PROGRESS statistics/TWST.OPT job=OPRA-20260914-VBUW5B7YTY files=1200/1805 rows=2635981
BATCH_PROGRESS statistics/TWST.OPT job=OPRA-20260914-VBUW5B7YTY files=1225/1805 rows=2845881
BATCH_PROGRESS statistics/TWST.OPT job=OPRA-20260914-VBUW5B7YTY files=1250/1805 rows=3104601
BATCH_PROGRESS statistics/TWST.OPT job=OPRA-20260914-VBUW5B7YTY files=1275/1805 rows=3412597
BATCH_PROGRESS statistics/TWST.OPT job=OPRA-20260914-VBUW5B7YTY files=1300/1805 rows=3728405
BATCH_PROGRESS statistics/TWST.OPT job=OPRA-20260914-VBUW5B7YTY files=1325/1805 rows=4043127
BATCH_PROGRESS statistics/TWST.OPT job=OPRA-20260914-VBUW5B7YTY files=1350/1805 rows=4332347
BATCH_PROGRESS statistics/TWST.OPT job=OPRA-20260914-VBUW5B7YTY files=1375/1805 rows=4615443
BATCH_PROGRESS statistics/TWST.OPT job=OPRA-20260914-VBUW5B7YTY files=1400/1805 rows=4915787
BATCH_PROGRESS statistics/TWST.OPT job=OPRA-20260914-VBUW5B7YTY files=1425/1805 rows=5219379
BATCH_PROGRESS statistics/TWST.OPT job=OPRA-20260914-VBUW5B7YTY files=1450/1805 rows=5509387
BATCH_PROGRESS statistics/TWST.OPT job=OPRA-20260914-VBUW5B7YTY files=1475/1805 rows=5768311
BATCH_PROGRESS statistics/TWST.OPT job=OPRA-20260914-VBUW5B7YTY files=1500/1805 rows=6040419
BATCH_PROGRESS statistics/TWST.OPT job=OPRA-20260914-VBUW5B7YTY files=1525/1805 rows=6304123
BATCH_PROGRESS statistics/TWST.OPT job=OPRA-20260914-VBUW5B7YTY files=1550/1805 rows=6540263
BATCH_PROGRESS statistics/TWST.OPT job=OPRA-20260914-VBUW5B7YTY files=1575/1805 rows=6768083
BATCH_PROGRESS statistics/TWST.OPT job=OPRA-20260914-VBUW5B7YTY files=1600/1805 rows=7003543
BATCH_PROGRESS statistics/TWST.OPT job=OPRA-20260914-VBUW5B7YTY files=1625/1805 rows=7235471
BATCH_PROGRESS statistics/TWST.OPT job=OPRA-20260914-VBUW5B7YTY files=1650/1805 rows=7477639
BATCH_PROGRESS statistics/TWST.OPT job=OPRA-20260914-VBUW5B7YTY files=1675/1805 rows=7782475
BATCH_PROGRESS statistics/TWST.OPT job=OPRA-20260914-VBUW5B7YTY files=1700/1805 rows=8105207
BATCH_PROGRESS statistics/TWST.OPT job=OPRA-20260914-VBUW5B7YTY files=1725/1805 rows=8458935
BATCH_PROGRESS statistics/TWST.OPT job=OPRA-20260914-VBUW5B7YTY files=1750/1805 rows=8862095
BATCH_PROGRESS statistics/TWST.OPT job=OPRA-20260914-VBUW5B7YTY files=1775/1805 rows=9574613
BATCH_PROGRESS statistics/TWST.OPT job=OPRA-20260914-VBUW5B7YTY files=1800/1805 rows=10421509
BATCH_PROGRESS statistics/TWST.OPT job=OPRA-20260914-VBUW5B7YTY files=1805/1805 rows=10613241
COMPLETED_BATCH statistics/TWST.OPT job=OPRA-20260914-VBUW5B7YTY published=1805 no_data=204
ONBOARDING OPRA.PILLAR/status 2024-07-17 to 2026-09-12
BATCH_SCAN status/TWST.OPT verified_existing=0 verified_no_data=0 missing=563
WAITING_BATCH job=OPRA-20260914-XHMWEQLBHF state=done progress=100
IGNORED_UNAVAILABLE_BATCH_FILES status/TWST.OPT job=OPRA-20260914-XHMWEQLBHF files=1
BATCH_PROGRESS status/TWST.OPT job=OPRA-20260914-XHMWEQLBHF files=25/493 rows=38825
BATCH_PROGRESS status/TWST.OPT job=OPRA-20260914-XHMWEQLBHF files=50/493 rows=77374
BATCH_PROGRESS status/TWST.OPT job=OPRA-20260914-XHMWEQLBHF files=75/493 rows=113399
BATCH_PROGRESS status/TWST.OPT job=OPRA-20260914-XHMWEQLBHF files=100/493 rows=147813
BATCH_PROGRESS status/TWST.OPT job=OPRA-20260914-XHMWEQLBHF files=125/493 rows=187754
BATCH_PROGRESS status/TWST.OPT job=OPRA-20260914-XHMWEQLBHF files=150/493 rows=233260
BATCH_PROGRESS status/TWST.OPT job=OPRA-20260914-XHMWEQLBHF files=175/493 rows=282754
BATCH_PROGRESS status/TWST.OPT job=OPRA-20260914-XHMWEQLBHF files=200/493 rows=311872
BATCH_PROGRESS status/TWST.OPT job=OPRA-20260914-XHMWEQLBHF files=225/493 rows=332344
BATCH_PROGRESS status/TWST.OPT job=OPRA-20260914-XHMWEQLBHF files=250/493 rows=351041
BATCH_PROGRESS status/TWST.OPT job=OPRA-20260914-XHMWEQLBHF files=275/493 rows=369476
BATCH_PROGRESS status/TWST.OPT job=OPRA-20260914-XHMWEQLBHF files=300/493 rows=388057
BATCH_PROGRESS status/TWST.OPT job=OPRA-20260914-XHMWEQLBHF files=325/493 rows=406744
BATCH_PROGRESS status/TWST.OPT job=OPRA-20260914-XHMWEQLBHF files=350/493 rows=428070
BATCH_PROGRESS status/TWST.OPT job=OPRA-20260914-XHMWEQLBHF files=375/493 rows=454574
BATCH_PROGRESS status/TWST.OPT job=OPRA-20260914-XHMWEQLBHF files=400/493 rows=481137
BATCH_PROGRESS status/TWST.OPT job=OPRA-20260914-XHMWEQLBHF files=425/493 rows=509951
BATCH_PROGRESS status/TWST.OPT job=OPRA-20260914-XHMWEQLBHF files=450/493 rows=555746
BATCH_PROGRESS status/TWST.OPT job=OPRA-20260914-XHMWEQLBHF files=475/493 rows=615053
BATCH_PROGRESS status/TWST.OPT job=OPRA-20260914-XHMWEQLBHF files=493/493 rows=669489
COMPLETED_BATCH status/TWST.OPT job=OPRA-20260914-XHMWEQLBHF published=493 no_data=70
ONBOARDING OPRA.PILLAR/tcbbo 2025-09-14 to 2026-09-12
BATCH_SCAN tcbbo/TWST.OPT verified_existing=0 verified_no_data=0 missing=259
WAITING_BATCH job=OPRA-20260914-G48UQ8CJBV state=done progress=100
IGNORED_UNAVAILABLE_BATCH_FILES tcbbo/TWST.OPT job=OPRA-20260914-G48UQ8CJBV files=1
BATCH_PROGRESS tcbbo/TWST.OPT job=OPRA-20260914-G48UQ8CJBV files=25/249 rows=1985
BATCH_PROGRESS tcbbo/TWST.OPT job=OPRA-20260914-G48UQ8CJBV files=50/249 rows=3559
BATCH_PROGRESS tcbbo/TWST.OPT job=OPRA-20260914-G48UQ8CJBV files=75/249 rows=4451
BATCH_PROGRESS tcbbo/TWST.OPT job=OPRA-20260914-G48UQ8CJBV files=100/249 rows=6411
BATCH_PROGRESS tcbbo/TWST.OPT job=OPRA-20260914-G48UQ8CJBV files=125/249 rows=7712
BATCH_PROGRESS tcbbo/TWST.OPT job=OPRA-20260914-G48UQ8CJBV files=150/249 rows=8833
BATCH_PROGRESS tcbbo/TWST.OPT job=OPRA-20260914-G48UQ8CJBV files=175/249 rows=10451
BATCH_PROGRESS tcbbo/TWST.OPT job=OPRA-20260914-G48UQ8CJBV files=200/249 rows=12721
BATCH_PROGRESS tcbbo/TWST.OPT job=OPRA-20260914-G48UQ8CJBV files=225/249 rows=15062
BATCH_PROGRESS tcbbo/TWST.OPT job=OPRA-20260914-G48UQ8CJBV files=249/249 rows=19738
COMPLETED_BATCH tcbbo/TWST.OPT job=OPRA-20260914-G48UQ8CJBV published=249 no_data=10
ONBOARDING OPRA.PILLAR/cbbo-1s 2025-09-14 to 2026-09-12
BATCH_SCAN cbbo-1s/TWST.OPT verified_existing=0 verified_no_data=0 missing=259
WAITING_BATCH job=OPRA-20260914-8GGJ3HVGSH state=done progress=100
IGNORED_UNAVAILABLE_BATCH_FILES cbbo-1s/TWST.OPT job=OPRA-20260914-8GGJ3HVGSH files=1
BATCH_PROGRESS cbbo-1s/TWST.OPT job=OPRA-20260914-8GGJ3HVGSH files=25/249 rows=2063165
BATCH_PROGRESS cbbo-1s/TWST.OPT job=OPRA-20260914-8GGJ3HVGSH files=50/249 rows=4014779
BATCH_PROGRESS cbbo-1s/TWST.OPT job=OPRA-20260914-8GGJ3HVGSH files=75/249 rows=6067412
BATCH_PROGRESS cbbo-1s/TWST.OPT job=OPRA-20260914-8GGJ3HVGSH files=100/249 rows=8568018
BATCH_PROGRESS cbbo-1s/TWST.OPT job=OPRA-20260914-8GGJ3HVGSH files=125/249 rows=10999337
BATCH_PROGRESS cbbo-1s/TWST.OPT job=OPRA-20260914-8GGJ3HVGSH files=150/249 rows=13856742
BATCH_PROGRESS cbbo-1s/TWST.OPT job=OPRA-20260914-8GGJ3HVGSH files=175/249 rows=17217166
BATCH_PROGRESS cbbo-1s/TWST.OPT job=OPRA-20260914-8GGJ3HVGSH files=200/249 rows=22108610
BATCH_PROGRESS cbbo-1s/TWST.OPT job=OPRA-20260914-8GGJ3HVGSH files=225/249 rows=26399768
BATCH_PROGRESS cbbo-1s/TWST.OPT job=OPRA-20260914-8GGJ3HVGSH files=249/249 rows=32738591
COMPLETED_BATCH cbbo-1s/TWST.OPT job=OPRA-20260914-8GGJ3HVGSH published=249 no_data=10
ONBOARDING OPRA.PILLAR/trades 2025-09-14 to 2026-09-12
BATCH_SCAN trades/TWST.OPT verified_existing=0 verified_no_data=0 missing=259
WAITING_BATCH job=OPRA-20260914-LWSFVNYUVW state=done progress=100
IGNORED_UNAVAILABLE_BATCH_FILES trades/TWST.OPT job=OPRA-20260914-LWSFVNYUVW files=1
BATCH_PROGRESS trades/TWST.OPT job=OPRA-20260914-LWSFVNYUVW files=25/249 rows=1985
BATCH_PROGRESS trades/TWST.OPT job=OPRA-20260914-LWSFVNYUVW files=50/249 rows=3559
BATCH_PROGRESS trades/TWST.OPT job=OPRA-20260914-LWSFVNYUVW files=75/249 rows=4451
BATCH_PROGRESS trades/TWST.OPT job=OPRA-20260914-LWSFVNYUVW files=100/249 rows=6411
BATCH_PROGRESS trades/TWST.OPT job=OPRA-20260914-LWSFVNYUVW files=125/249 rows=7712
BATCH_PROGRESS trades/TWST.OPT job=OPRA-20260914-LWSFVNYUVW files=150/249 rows=8833
BATCH_PROGRESS trades/TWST.OPT job=OPRA-20260914-LWSFVNYUVW files=175/249 rows=10451
BATCH_PROGRESS trades/TWST.OPT job=OPRA-20260914-LWSFVNYUVW files=200/249 rows=12721
BATCH_PROGRESS trades/TWST.OPT job=OPRA-20260914-LWSFVNYUVW files=225/249 rows=15062
BATCH_PROGRESS trades/TWST.OPT job=OPRA-20260914-LWSFVNYUVW files=249/249 rows=19738
COMPLETED_BATCH trades/TWST.OPT job=OPRA-20260914-LWSFVNYUVW published=249 no_data=10
ONBOARDING XNAS.ITCH/ohlcv-1s 2018-10-31 to 2026-09-12
USING_BATCH_FALLBACK XNAS.ITCH/ohlcv-1s/TWST; retained_matching_partials=0
BATCH_FALLBACK_RESUMED job_id=XNAS-20260914-H47Y7RWLJW
BATCH_FALLBACK_READY job_id=XNAS-20260914-H47Y7RWLJW
ONBOARDING XNAS.ITCH/ohlcv-1m 2018-10-31 to 2026-09-12
USING_BATCH_FALLBACK XNAS.ITCH/ohlcv-1m/TWST; retained_matching_partials=0
BATCH_FALLBACK_RESUMED job_id=XNAS-20260914-HAJMTDYBX8
BATCH_FALLBACK_READY job_id=XNAS-20260914-HAJMTDYBX8
ONBOARDING XNAS.ITCH/ohlcv-1h 2018-10-31 to 2026-09-12
USING_BATCH_FALLBACK XNAS.ITCH/ohlcv-1h/TWST; retained_matching_partials=0
BATCH_FALLBACK_RESUMED job_id=XNAS-20260914-QQCB9YBFC6
BATCH_FALLBACK_READY job_id=XNAS-20260914-QQCB9YBFC6
ONBOARDING XNAS.ITCH/ohlcv-1d 2018-10-31 to 2026-09-12
USING_BATCH_FALLBACK XNAS.ITCH/ohlcv-1d/TWST; retained_matching_partials=0
BATCH_FALLBACK_RESUMED job_id=XNAS-20260914-3VWHHUXE6G
BATCH_FALLBACK_READY job_id=XNAS-20260914-3VWHHUXE6G
ONBOARDING XNAS.ITCH/definition 2018-10-31 to 2026-09-12
USING_BATCH_FALLBACK XNAS.ITCH/definition/TWST; retained_matching_partials=0
BATCH_FALLBACK_RESUMED job_id=XNAS-20260914-F3WV57QAP9
BATCH_FALLBACK_READY job_id=XNAS-20260914-F3WV57QAP9
ONBOARDING XNAS.ITCH/statistics 2018-10-31 to 2026-09-12
USING_BATCH_FALLBACK XNAS.ITCH/statistics/TWST; retained_matching_partials=0
BATCH_FALLBACK_RESUMED job_id=XNAS-20260914-SCJ9W7AEGX
BATCH_FALLBACK_READY job_id=XNAS-20260914-SCJ9W7AEGX
ONBOARDING XNAS.ITCH/status 2018-10-31 to 2026-09-12
USING_BATCH_FALLBACK XNAS.ITCH/status/TWST; retained_matching_partials=0
BATCH_FALLBACK_RESUMED job_id=XNAS-20260914-X9NG9M5NKD
BATCH_FALLBACK_READY job_id=XNAS-20260914-X9NG9M5NKD
ONBOARDING XNAS.ITCH/tbbo 2025-09-14 to 2026-09-12
USING_BATCH_FALLBACK XNAS.ITCH/tbbo/TWST; retained_matching_partials=0
BATCH_FALLBACK_RESUMED job_id=XNAS-20260914-EUHR5NUETE
BATCH_FALLBACK_READY job_id=XNAS-20260914-EUHR5NUETE
ONBOARDING XNAS.ITCH/bbo-1s 2025-09-14 to 2026-09-12
USING_BATCH_FALLBACK XNAS.ITCH/bbo-1s/TWST; retained_matching_partials=0
BATCH_FALLBACK_RESUMED job_id=XNAS-20260914-ULVTRARV9M
BATCH_FALLBACK_READY job_id=XNAS-20260914-ULVTRARV9M
ONBOARDING XNAS.ITCH/bbo-1m 2025-09-14 to 2026-09-12
USING_BATCH_FALLBACK XNAS.ITCH/bbo-1m/TWST; retained_matching_partials=0
BATCH_FALLBACK_RESUMED job_id=XNAS-20260914-JRA8KMW6ES
BATCH_FALLBACK_READY job_id=XNAS-20260914-JRA8KMW6ES
ONBOARDING XNAS.ITCH/trades 2025-09-14 to 2026-09-12
USING_BATCH_FALLBACK XNAS.ITCH/trades/TWST; retained_matching_partials=0
BATCH_FALLBACK_RESUMED job_id=XNAS-20260914-CEJPVRY5G6
BATCH_FALLBACK_READY job_id=XNAS-20260914-CEJPVRY5G6
ONBOARDING XNAS.ITCH/mbp-10 2026-08-14 to 2026-09-12
USING_BATCH_FALLBACK XNAS.ITCH/mbp-10/TWST; retained_matching_partials=0
BATCH_FALLBACK_RESUMED job_id=XNAS-20260914-48VDCAXFV3
BATCH_FALLBACK_READY job_id=XNAS-20260914-48VDCAXFV3
ONBOARDING XNAS.ITCH/mbo 2026-08-14 to 2026-09-12
USING_BATCH_FALLBACK XNAS.ITCH/mbo/TWST; retained_matching_partials=0
BATCH_FALLBACK_RESUMED job_id=XNAS-20260914-6VF5Y9N5JD
BATCH_FALLBACK_READY job_id=XNAS-20260914-6VF5Y9N5JD
ONBOARDING XNAS.ITCH/imbalance 2026-08-14 to 2026-09-12
USING_BATCH_FALLBACK XNAS.ITCH/imbalance/TWST; retained_matching_partials=0
BATCH_FALLBACK_RESUMED job_id=XNAS-20260914-9TXDSHDDD3
BATCH_FALLBACK_READY job_id=XNAS-20260914-9TXDSHDDD3
[IONQ/databento] fetching...
[databento/archive-bridge] cold archive retained as provenance; operational_dataset=EQUS.MINI; archive_dataset=XNAS.ITCH
[2026-09-14T08:04:56.746978Z] START provider.request name="equities dataset-range metadata" src=databento/dataset-range try=1
[2026-09-14T08:04:57.202297Z] END   provider.request name="equities dataset-range metadata" src=databento/dataset-range try=1 elapsed=455.3ms rows=3 op=fetched status=ok
[IONQ/databento/source_100d_1m_ohlcv-1m_1m] no stored dataset; requesting configured history
[2026-09-14T08:04:57.202897Z] START provider.request name="IONQ ohlcv-1m/1m" sym=IONQ src=databento/ohlcv-1m req=2026-06-04T00:00:00Z..2026-09-12T00:00:00Z try=1
[2026-09-14T08:05:02.005634Z] END   provider.request name="IONQ ohlcv-1m/1m" sym=IONQ src=databento/ohlcv-1m req=2026-06-04T00:00:00Z..2026-09-12T00:00:00Z try=1 elapsed=4802.4ms rows=28363 op=fetched status=ok
[IONQ/databento/source_10d_1s_ohlcv-1s_1s] no stored dataset; requesting configured history
[2026-09-14T08:05:19.929934Z] START provider.request name="IONQ ohlcv-1s/1s" sym=IONQ src=databento/ohlcv-1s req=2026-09-02T00:00:00Z..2026-09-12T00:00:00Z try=1
[2026-09-14T08:05:23.764818Z] END   provider.request name="IONQ ohlcv-1s/1s" sym=IONQ src=databento/ohlcv-1s req=2026-09-02T00:00:00Z..2026-09-12T00:00:00Z try=1 elapsed=3834.6ms rows=30374 op=fetched status=ok
[IONQ/databento/source_1825d_1h_ohlcv-1h_1h] no stored dataset; requesting configured history
[2026-09-14T08:05:23.765369Z] START provider.request name="IONQ ohlcv-1h/1h" sym=IONQ src=databento/ohlcv-1h req=2023-03-28T00:00:00Z..2026-09-12T00:00:00Z try=1
C:\dev\ducketz\app\services\databento_market_data.py:128: BentoWarning: The streaming request contained one or more days which have reduced quality: 2025-03-24 (degraded), 2025-04-04 (degraded), 2025-05-06 (degraded)... See: https://databento.com/docs/api-reference-historical/metadata/metadata-get-dataset-condition
  store = self._client().timeseries.get_range(dataset=self.dataset, schema=spec.schema, symbols=[clean_symbol], stype_in="raw_symbol", start=selected_range.start.isoformat(), end=selected_range.end.isoformat())
[2026-09-14T08:05:26.733383Z] END   provider.request name="IONQ ohlcv-1h/1h" sym=IONQ src=databento/ohlcv-1h req=2023-03-28T00:00:00Z..2026-09-12T00:00:00Z try=1 elapsed=2967.8ms rows=10261 op=fetched status=ok
[IONQ/databento/source_2555d_1d_ohlcv-1d_1d] no stored dataset; requesting configured history
[2026-09-14T08:05:26.733915Z] START provider.request name="IONQ ohlcv-1d/1d" sym=IONQ src=databento/ohlcv-1d req=2023-03-28T00:00:00Z..2026-09-12T00:00:00Z try=1
C:\dev\ducketz\app\services\databento_market_data.py:128: BentoWarning: The streaming request contained one or more days which have reduced quality: 2025-03-24 (degraded), 2025-04-04 (degraded), 2025-05-06 (degraded)... See: https://databento.com/docs/api-reference-historical/metadata/metadata-get-dataset-condition
  store = self._client().timeseries.get_range(dataset=self.dataset, schema=spec.schema, symbols=[clean_symbol], stype_in="raw_symbol", start=selected_range.start.isoformat(), end=selected_range.end.isoformat())
[2026-09-14T08:05:30.859289Z] END   provider.request name="IONQ ohlcv-1d/1d" sym=IONQ src=databento/ohlcv-1d req=2023-03-28T00:00:00Z..2026-09-12T00:00:00Z try=1 elapsed=4125.1ms rows=868 op=fetched status=ok
[databento/bar-consolidation] symbol=IONQ; shadowed_derived_rows_removed=894; derived_gap_rows_retained=209
[IONQ/fmp] fetching...
[IONQ/schwab] fetching...
[IONQ/schwab/day_10_minute_1] no stored dataset; requesting configured history
[IONQ/schwab/day_10_minute_5] no stored dataset; requesting configured history
[IONQ/schwab/day_10_minute_10] no stored dataset; requesting configured history
[IONQ/schwab/day_10_minute_15] no stored dataset; requesting configured history
[IONQ/schwab/day_10_minute_30] no stored dataset; requesting configured history
[IONQ/schwab/year_20_daily_1] no stored dataset; requesting configured history
[IONQ/schwab/year_20_weekly_1] no stored dataset; requesting configured history
[IONQ/schwab/year_20_monthly_1] no stored dataset; requesting configured history
[IONQ/schwab/options] 986 contracts at decision time 2026-09-11T20:00:00+00:00 -> C:\DATASTORE\stocks\IONQ\options\features\option-quality\schwab\2026-09.parquet
[IONQ/sec] fetching...
ONBOARDING OPRA.PILLAR/definition 2021-01-04 to 2026-09-12
BATCH_SCAN definition/IONQ.OPT verified_existing=0 verified_no_data=0 missing=1463
WAITING_BATCH job=OPRA-20260914-PDM5Y5RGTK state=done progress=100
IGNORED_UNAVAILABLE_BATCH_FILES definition/IONQ.OPT job=OPRA-20260914-PDM5Y5RGTK files=2
BATCH_PROGRESS definition/IONQ.OPT job=OPRA-20260914-PDM5Y5RGTK files=25/1239 rows=3948
BATCH_PROGRESS definition/IONQ.OPT job=OPRA-20260914-PDM5Y5RGTK files=50/1239 rows=8788
BATCH_PROGRESS definition/IONQ.OPT job=OPRA-20260914-PDM5Y5RGTK files=75/1239 rows=13624
BATCH_PROGRESS definition/IONQ.OPT job=OPRA-20260914-PDM5Y5RGTK files=100/1239 rows=18082
BATCH_PROGRESS definition/IONQ.OPT job=OPRA-20260914-PDM5Y5RGTK files=125/1239 rows=22452
BATCH_PROGRESS definition/IONQ.OPT job=OPRA-20260914-PDM5Y5RGTK files=150/1239 rows=26462
BATCH_PROGRESS definition/IONQ.OPT job=OPRA-20260914-PDM5Y5RGTK files=175/1239 rows=29932
BATCH_PROGRESS definition/IONQ.OPT job=OPRA-20260914-PDM5Y5RGTK files=200/1239 rows=32962
BATCH_PROGRESS definition/IONQ.OPT job=OPRA-20260914-PDM5Y5RGTK files=225/1239 rows=35450
BATCH_PROGRESS definition/IONQ.OPT job=OPRA-20260914-PDM5Y5RGTK files=250/1239 rows=38188
BATCH_PROGRESS definition/IONQ.OPT job=OPRA-20260914-PDM5Y5RGTK files=275/1239 rows=40842
BATCH_PROGRESS definition/IONQ.OPT job=OPRA-20260914-PDM5Y5RGTK files=300/1239 rows=43288
BATCH_PROGRESS definition/IONQ.OPT job=OPRA-20260914-PDM5Y5RGTK files=325/1239 rows=45712
BATCH_PROGRESS definition/IONQ.OPT job=OPRA-20260914-PDM5Y5RGTK files=350/1239 rows=47628
BATCH_PROGRESS definition/IONQ.OPT job=OPRA-20260914-PDM5Y5RGTK files=375/1239 rows=49524
BATCH_PROGRESS definition/IONQ.OPT job=OPRA-20260914-PDM5Y5RGTK files=400/1239 rows=51532
BATCH_PROGRESS definition/IONQ.OPT job=OPRA-20260914-PDM5Y5RGTK files=425/1239 rows=57752
BATCH_PROGRESS definition/IONQ.OPT job=OPRA-20260914-PDM5Y5RGTK files=450/1239 rows=70866
BATCH_PROGRESS definition/IONQ.OPT job=OPRA-20260914-PDM5Y5RGTK files=475/1239 rows=87728
BATCH_PROGRESS definition/IONQ.OPT job=OPRA-20260914-PDM5Y5RGTK files=500/1239 rows=105608
BATCH_PROGRESS definition/IONQ.OPT job=OPRA-20260914-PDM5Y5RGTK files=525/1239 rows=123018
BATCH_PROGRESS definition/IONQ.OPT job=OPRA-20260914-PDM5Y5RGTK files=550/1239 rows=139028
BATCH_PROGRESS definition/IONQ.OPT job=OPRA-20260914-PDM5Y5RGTK files=575/1239 rows=154732
BATCH_PROGRESS definition/IONQ.OPT job=OPRA-20260914-PDM5Y5RGTK files=600/1239 rows=169094
BATCH_PROGRESS definition/IONQ.OPT job=OPRA-20260914-PDM5Y5RGTK files=625/1239 rows=183276
BATCH_PROGRESS definition/IONQ.OPT job=OPRA-20260914-PDM5Y5RGTK files=650/1239 rows=196298
BATCH_PROGRESS definition/IONQ.OPT job=OPRA-20260914-PDM5Y5RGTK files=675/1239 rows=208214
BATCH_PROGRESS definition/IONQ.OPT job=OPRA-20260914-PDM5Y5RGTK files=700/1239 rows=218694
BATCH_PROGRESS definition/IONQ.OPT job=OPRA-20260914-PDM5Y5RGTK files=725/1239 rows=228486
BATCH_PROGRESS definition/IONQ.OPT job=OPRA-20260914-PDM5Y5RGTK files=750/1239 rows=238352
BATCH_PROGRESS definition/IONQ.OPT job=OPRA-20260914-PDM5Y5RGTK files=775/1239 rows=252600
BATCH_PROGRESS definition/IONQ.OPT job=OPRA-20260914-PDM5Y5RGTK files=800/1239 rows=274867
BATCH_PROGRESS definition/IONQ.OPT job=OPRA-20260914-PDM5Y5RGTK files=825/1239 rows=301751
BATCH_PROGRESS definition/IONQ.OPT job=OPRA-20260914-PDM5Y5RGTK files=850/1239 rows=327007
BATCH_PROGRESS definition/IONQ.OPT job=OPRA-20260914-PDM5Y5RGTK files=875/1239 rows=350213
BATCH_PROGRESS definition/IONQ.OPT job=OPRA-20260914-PDM5Y5RGTK files=900/1239 rows=374795
BATCH_PROGRESS definition/IONQ.OPT job=OPRA-20260914-PDM5Y5RGTK files=925/1239 rows=408957
BATCH_PROGRESS definition/IONQ.OPT job=OPRA-20260914-PDM5Y5RGTK files=950/1239 rows=440771
BATCH_PROGRESS definition/IONQ.OPT job=OPRA-20260914-PDM5Y5RGTK files=975/1239 rows=467465
BATCH_PROGRESS definition/IONQ.OPT job=OPRA-20260914-PDM5Y5RGTK files=1000/1239 rows=495065
BATCH_PROGRESS definition/IONQ.OPT job=OPRA-20260914-PDM5Y5RGTK files=1025/1239 rows=528683
BATCH_PROGRESS definition/IONQ.OPT job=OPRA-20260914-PDM5Y5RGTK files=1050/1239 rows=559157
BATCH_PROGRESS definition/IONQ.OPT job=OPRA-20260914-PDM5Y5RGTK files=1075/1239 rows=583801
BATCH_PROGRESS definition/IONQ.OPT job=OPRA-20260914-PDM5Y5RGTK files=1100/1239 rows=608793
BATCH_PROGRESS definition/IONQ.OPT job=OPRA-20260914-PDM5Y5RGTK files=1125/1239 rows=632795
BATCH_PROGRESS definition/IONQ.OPT job=OPRA-20260914-PDM5Y5RGTK files=1150/1239 rows=657777
BATCH_PROGRESS definition/IONQ.OPT job=OPRA-20260914-PDM5Y5RGTK files=1175/1239 rows=686163
BATCH_PROGRESS definition/IONQ.OPT job=OPRA-20260914-PDM5Y5RGTK files=1200/1239 rows=714915
BATCH_PROGRESS definition/IONQ.OPT job=OPRA-20260914-PDM5Y5RGTK files=1225/1239 rows=743631
BATCH_PROGRESS definition/IONQ.OPT job=OPRA-20260914-PDM5Y5RGTK files=1239/1239 rows=757613
COMPLETED_BATCH definition/IONQ.OPT job=OPRA-20260914-PDM5Y5RGTK published=1239 no_data=224
ONBOARDING OPRA.PILLAR/ohlcv-1h 2021-01-04 to 2026-09-12
BATCH_SCAN ohlcv-1h/IONQ.OPT verified_existing=0 verified_no_data=0 missing=1463
WAITING_BATCH job=OPRA-20260914-KA8QVGY3JH state=done progress=100
IGNORED_UNAVAILABLE_BATCH_FILES ohlcv-1h/IONQ.OPT job=OPRA-20260914-KA8QVGY3JH files=2
BATCH_PROGRESS ohlcv-1h/IONQ.OPT job=OPRA-20260914-KA8QVGY3JH files=25/1239 rows=19141
BATCH_PROGRESS ohlcv-1h/IONQ.OPT job=OPRA-20260914-KA8QVGY3JH files=50/1239 rows=51452
BATCH_PROGRESS ohlcv-1h/IONQ.OPT job=OPRA-20260914-KA8QVGY3JH files=75/1239 rows=66299
BATCH_PROGRESS ohlcv-1h/IONQ.OPT job=OPRA-20260914-KA8QVGY3JH files=100/1239 rows=77923
BATCH_PROGRESS ohlcv-1h/IONQ.OPT job=OPRA-20260914-KA8QVGY3JH files=125/1239 rows=87419
BATCH_PROGRESS ohlcv-1h/IONQ.OPT job=OPRA-20260914-KA8QVGY3JH files=150/1239 rows=96126
BATCH_PROGRESS ohlcv-1h/IONQ.OPT job=OPRA-20260914-KA8QVGY3JH files=175/1239 rows=101212
BATCH_PROGRESS ohlcv-1h/IONQ.OPT job=OPRA-20260914-KA8QVGY3JH files=200/1239 rows=103359
BATCH_PROGRESS ohlcv-1h/IONQ.OPT job=OPRA-20260914-KA8QVGY3JH files=225/1239 rows=107928
BATCH_PROGRESS ohlcv-1h/IONQ.OPT job=OPRA-20260914-KA8QVGY3JH files=250/1239 rows=110416
BATCH_PROGRESS ohlcv-1h/IONQ.OPT job=OPRA-20260914-KA8QVGY3JH files=275/1239 rows=112375
BATCH_PROGRESS ohlcv-1h/IONQ.OPT job=OPRA-20260914-KA8QVGY3JH files=300/1239 rows=114423
BATCH_PROGRESS ohlcv-1h/IONQ.OPT job=OPRA-20260914-KA8QVGY3JH files=325/1239 rows=115840
BATCH_PROGRESS ohlcv-1h/IONQ.OPT job=OPRA-20260914-KA8QVGY3JH files=350/1239 rows=119735
BATCH_PROGRESS ohlcv-1h/IONQ.OPT job=OPRA-20260914-KA8QVGY3JH files=375/1239 rows=121961
BATCH_PROGRESS ohlcv-1h/IONQ.OPT job=OPRA-20260914-KA8QVGY3JH files=400/1239 rows=126577
BATCH_PROGRESS ohlcv-1h/IONQ.OPT job=OPRA-20260914-KA8QVGY3JH files=425/1239 rows=143541
BATCH_PROGRESS ohlcv-1h/IONQ.OPT job=OPRA-20260914-KA8QVGY3JH files=450/1239 rows=172701
BATCH_PROGRESS ohlcv-1h/IONQ.OPT job=OPRA-20260914-KA8QVGY3JH files=475/1239 rows=214234
BATCH_PROGRESS ohlcv-1h/IONQ.OPT job=OPRA-20260914-KA8QVGY3JH files=500/1239 rows=251327
BATCH_PROGRESS ohlcv-1h/IONQ.OPT job=OPRA-20260914-KA8QVGY3JH files=525/1239 rows=277321
BATCH_PROGRESS ohlcv-1h/IONQ.OPT job=OPRA-20260914-KA8QVGY3JH files=550/1239 rows=298469
BATCH_PROGRESS ohlcv-1h/IONQ.OPT job=OPRA-20260914-KA8QVGY3JH files=575/1239 rows=319690
BATCH_PROGRESS ohlcv-1h/IONQ.OPT job=OPRA-20260914-KA8QVGY3JH files=600/1239 rows=340768
BATCH_PROGRESS ohlcv-1h/IONQ.OPT job=OPRA-20260914-KA8QVGY3JH files=625/1239 rows=374258
BATCH_PROGRESS ohlcv-1h/IONQ.OPT job=OPRA-20260914-KA8QVGY3JH files=650/1239 rows=394602
BATCH_PROGRESS ohlcv-1h/IONQ.OPT job=OPRA-20260914-KA8QVGY3JH files=675/1239 rows=409169
BATCH_PROGRESS ohlcv-1h/IONQ.OPT job=OPRA-20260914-KA8QVGY3JH files=700/1239 rows=424185
BATCH_PROGRESS ohlcv-1h/IONQ.OPT job=OPRA-20260914-KA8QVGY3JH files=725/1239 rows=438058
BATCH_PROGRESS ohlcv-1h/IONQ.OPT job=OPRA-20260914-KA8QVGY3JH files=750/1239 rows=451546
BATCH_PROGRESS ohlcv-1h/IONQ.OPT job=OPRA-20260914-KA8QVGY3JH files=775/1239 rows=521575
BATCH_PROGRESS ohlcv-1h/IONQ.OPT job=OPRA-20260914-KA8QVGY3JH files=800/1239 rows=656296
BATCH_PROGRESS ohlcv-1h/IONQ.OPT job=OPRA-20260914-KA8QVGY3JH files=825/1239 rows=868341
BATCH_PROGRESS ohlcv-1h/IONQ.OPT job=OPRA-20260914-KA8QVGY3JH files=850/1239 rows=1025584
BATCH_PROGRESS ohlcv-1h/IONQ.OPT job=OPRA-20260914-KA8QVGY3JH files=875/1239 rows=1148022
BATCH_PROGRESS ohlcv-1h/IONQ.OPT job=OPRA-20260914-KA8QVGY3JH files=900/1239 rows=1244050
BATCH_PROGRESS ohlcv-1h/IONQ.OPT job=OPRA-20260914-KA8QVGY3JH files=925/1239 rows=1409268
BATCH_PROGRESS ohlcv-1h/IONQ.OPT job=OPRA-20260914-KA8QVGY3JH files=950/1239 rows=1578162
BATCH_PROGRESS ohlcv-1h/IONQ.OPT job=OPRA-20260914-KA8QVGY3JH files=975/1239 rows=1739735
BATCH_PROGRESS ohlcv-1h/IONQ.OPT job=OPRA-20260914-KA8QVGY3JH files=1000/1239 rows=1947501
BATCH_PROGRESS ohlcv-1h/IONQ.OPT job=OPRA-20260914-KA8QVGY3JH files=1025/1239 rows=2194269
BATCH_PROGRESS ohlcv-1h/IONQ.OPT job=OPRA-20260914-KA8QVGY3JH files=1050/1239 rows=2361307
BATCH_PROGRESS ohlcv-1h/IONQ.OPT job=OPRA-20260914-KA8QVGY3JH files=1075/1239 rows=2488458
BATCH_PROGRESS ohlcv-1h/IONQ.OPT job=OPRA-20260914-KA8QVGY3JH files=1100/1239 rows=2635725
BATCH_PROGRESS ohlcv-1h/IONQ.OPT job=OPRA-20260914-KA8QVGY3JH files=1125/1239 rows=2760795
BATCH_PROGRESS ohlcv-1h/IONQ.OPT job=OPRA-20260914-KA8QVGY3JH files=1150/1239 rows=2924849
BATCH_PROGRESS ohlcv-1h/IONQ.OPT job=OPRA-20260914-KA8QVGY3JH files=1175/1239 rows=3147264
BATCH_PROGRESS ohlcv-1h/IONQ.OPT job=OPRA-20260914-KA8QVGY3JH files=1200/1239 rows=3293687
BATCH_PROGRESS ohlcv-1h/IONQ.OPT job=OPRA-20260914-KA8QVGY3JH files=1225/1239 rows=3435458
BATCH_PROGRESS ohlcv-1h/IONQ.OPT job=OPRA-20260914-KA8QVGY3JH files=1239/1239 rows=3513008
COMPLETED_BATCH ohlcv-1h/IONQ.OPT job=OPRA-20260914-KA8QVGY3JH published=1239 no_data=224
ONBOARDING OPRA.PILLAR/cbbo-1m 2025-09-14 to 2026-09-12
BATCH_SCAN cbbo-1m/IONQ.OPT verified_existing=0 verified_no_data=0 missing=259
WAITING_BATCH job=OPRA-20260914-CTHA3CKY33 state=done progress=100
IGNORED_UNAVAILABLE_BATCH_FILES cbbo-1m/IONQ.OPT job=OPRA-20260914-CTHA3CKY33 files=1
BATCH_PROGRESS cbbo-1m/IONQ.OPT job=OPRA-20260914-CTHA3CKY33 files=25/249 rows=12548127
BATCH_PROGRESS cbbo-1m/IONQ.OPT job=OPRA-20260914-CTHA3CKY33 files=50/249 rows=24397513
BATCH_PROGRESS cbbo-1m/IONQ.OPT job=OPRA-20260914-CTHA3CKY33 files=75/249 rows=33116729
BATCH_PROGRESS cbbo-1m/IONQ.OPT job=OPRA-20260914-CTHA3CKY33 files=100/249 rows=41871451
BATCH_PROGRESS cbbo-1m/IONQ.OPT job=OPRA-20260914-CTHA3CKY33 files=125/249 rows=51084565
BATCH_PROGRESS cbbo-1m/IONQ.OPT job=OPRA-20260914-CTHA3CKY33 files=150/249 rows=59002583
BATCH_PROGRESS cbbo-1m/IONQ.OPT job=OPRA-20260914-CTHA3CKY33 files=175/249 rows=69199231
BATCH_PROGRESS cbbo-1m/IONQ.OPT job=OPRA-20260914-CTHA3CKY33 files=200/249 rows=80014380
BATCH_PROGRESS cbbo-1m/IONQ.OPT job=OPRA-20260914-CTHA3CKY33 files=225/249 rows=90340912
BATCH_PROGRESS cbbo-1m/IONQ.OPT job=OPRA-20260914-CTHA3CKY33 files=249/249 rows=98632705
COMPLETED_BATCH cbbo-1m/IONQ.OPT job=OPRA-20260914-CTHA3CKY33 published=249 no_data=10
ONBOARDING OPRA.PILLAR/ohlcv-1s 2021-01-04 to 2026-09-12
BATCH_SCAN ohlcv-1s/IONQ.OPT verified_existing=0 verified_no_data=0 missing=1463
WAITING_BATCH job=OPRA-20260914-S8PGYNU6VL state=done progress=100
IGNORED_UNAVAILABLE_BATCH_FILES ohlcv-1s/IONQ.OPT job=OPRA-20260914-S8PGYNU6VL files=2
BATCH_PROGRESS ohlcv-1s/IONQ.OPT job=OPRA-20260914-S8PGYNU6VL files=25/1239 rows=31776
BATCH_PROGRESS ohlcv-1s/IONQ.OPT job=OPRA-20260914-S8PGYNU6VL files=50/1239 rows=102398
BATCH_PROGRESS ohlcv-1s/IONQ.OPT job=OPRA-20260914-S8PGYNU6VL files=75/1239 rows=122352
BATCH_PROGRESS ohlcv-1s/IONQ.OPT job=OPRA-20260914-S8PGYNU6VL files=100/1239 rows=142158
BATCH_PROGRESS ohlcv-1s/IONQ.OPT job=OPRA-20260914-S8PGYNU6VL files=125/1239 rows=158494
BATCH_PROGRESS ohlcv-1s/IONQ.OPT job=OPRA-20260914-S8PGYNU6VL files=150/1239 rows=171367
BATCH_PROGRESS ohlcv-1s/IONQ.OPT job=OPRA-20260914-S8PGYNU6VL files=175/1239 rows=177458
BATCH_PROGRESS ohlcv-1s/IONQ.OPT job=OPRA-20260914-S8PGYNU6VL files=200/1239 rows=179873
BATCH_PROGRESS ohlcv-1s/IONQ.OPT job=OPRA-20260914-S8PGYNU6VL files=225/1239 rows=187382
BATCH_PROGRESS ohlcv-1s/IONQ.OPT job=OPRA-20260914-S8PGYNU6VL files=250/1239 rows=190312
BATCH_PROGRESS ohlcv-1s/IONQ.OPT job=OPRA-20260914-S8PGYNU6VL files=275/1239 rows=192676
BATCH_PROGRESS ohlcv-1s/IONQ.OPT job=OPRA-20260914-S8PGYNU6VL files=300/1239 rows=195293
BATCH_PROGRESS ohlcv-1s/IONQ.OPT job=OPRA-20260914-S8PGYNU6VL files=325/1239 rows=196920
BATCH_PROGRESS ohlcv-1s/IONQ.OPT job=OPRA-20260914-S8PGYNU6VL files=350/1239 rows=203046
BATCH_PROGRESS ohlcv-1s/IONQ.OPT job=OPRA-20260914-S8PGYNU6VL files=375/1239 rows=205834
BATCH_PROGRESS ohlcv-1s/IONQ.OPT job=OPRA-20260914-S8PGYNU6VL files=400/1239 rows=213175
BATCH_PROGRESS ohlcv-1s/IONQ.OPT job=OPRA-20260914-S8PGYNU6VL files=425/1239 rows=239617
BATCH_PROGRESS ohlcv-1s/IONQ.OPT job=OPRA-20260914-S8PGYNU6VL files=450/1239 rows=283733
BATCH_PROGRESS ohlcv-1s/IONQ.OPT job=OPRA-20260914-S8PGYNU6VL files=475/1239 rows=346403
BATCH_PROGRESS ohlcv-1s/IONQ.OPT job=OPRA-20260914-S8PGYNU6VL files=500/1239 rows=399789
BATCH_PROGRESS ohlcv-1s/IONQ.OPT job=OPRA-20260914-S8PGYNU6VL files=525/1239 rows=433868
BATCH_PROGRESS ohlcv-1s/IONQ.OPT job=OPRA-20260914-S8PGYNU6VL files=550/1239 rows=465943
BATCH_PROGRESS ohlcv-1s/IONQ.OPT job=OPRA-20260914-S8PGYNU6VL files=575/1239 rows=493693
BATCH_PROGRESS ohlcv-1s/IONQ.OPT job=OPRA-20260914-S8PGYNU6VL files=600/1239 rows=523517
BATCH_PROGRESS ohlcv-1s/IONQ.OPT job=OPRA-20260914-S8PGYNU6VL files=625/1239 rows=580642
BATCH_PROGRESS ohlcv-1s/IONQ.OPT job=OPRA-20260914-S8PGYNU6VL files=650/1239 rows=609944
BATCH_PROGRESS ohlcv-1s/IONQ.OPT job=OPRA-20260914-S8PGYNU6VL files=675/1239 rows=628320
BATCH_PROGRESS ohlcv-1s/IONQ.OPT job=OPRA-20260914-S8PGYNU6VL files=700/1239 rows=648271
BATCH_PROGRESS ohlcv-1s/IONQ.OPT job=OPRA-20260914-S8PGYNU6VL files=725/1239 rows=665327
BATCH_PROGRESS ohlcv-1s/IONQ.OPT job=OPRA-20260914-S8PGYNU6VL files=750/1239 rows=683342
BATCH_PROGRESS ohlcv-1s/IONQ.OPT job=OPRA-20260914-S8PGYNU6VL files=775/1239 rows=809308
BATCH_PROGRESS ohlcv-1s/IONQ.OPT job=OPRA-20260914-S8PGYNU6VL files=800/1239 rows=1063632
BATCH_PROGRESS ohlcv-1s/IONQ.OPT job=OPRA-20260914-S8PGYNU6VL files=825/1239 rows=1487920
BATCH_PROGRESS ohlcv-1s/IONQ.OPT job=OPRA-20260914-S8PGYNU6VL files=850/1239 rows=1760908
BATCH_PROGRESS ohlcv-1s/IONQ.OPT job=OPRA-20260914-S8PGYNU6VL files=875/1239 rows=1957026
BATCH_PROGRESS ohlcv-1s/IONQ.OPT job=OPRA-20260914-S8PGYNU6VL files=900/1239 rows=2104394
BATCH_PROGRESS ohlcv-1s/IONQ.OPT job=OPRA-20260914-S8PGYNU6VL files=925/1239 rows=2414472
BATCH_PROGRESS ohlcv-1s/IONQ.OPT job=OPRA-20260914-S8PGYNU6VL files=950/1239 rows=2738010
BATCH_PROGRESS ohlcv-1s/IONQ.OPT job=OPRA-20260914-S8PGYNU6VL files=975/1239 rows=3022064
BATCH_PROGRESS ohlcv-1s/IONQ.OPT job=OPRA-20260914-S8PGYNU6VL files=1000/1239 rows=3426424
BATCH_PROGRESS ohlcv-1s/IONQ.OPT job=OPRA-20260914-S8PGYNU6VL files=1025/1239 rows=3892031
BATCH_PROGRESS ohlcv-1s/IONQ.OPT job=OPRA-20260914-S8PGYNU6VL files=1050/1239 rows=4178270
BATCH_PROGRESS ohlcv-1s/IONQ.OPT job=OPRA-20260914-S8PGYNU6VL files=1075/1239 rows=4390421
BATCH_PROGRESS ohlcv-1s/IONQ.OPT job=OPRA-20260914-S8PGYNU6VL files=1100/1239 rows=4650209
BATCH_PROGRESS ohlcv-1s/IONQ.OPT job=OPRA-20260914-S8PGYNU6VL files=1125/1239 rows=4910394
BATCH_PROGRESS ohlcv-1s/IONQ.OPT job=OPRA-20260914-S8PGYNU6VL files=1150/1239 rows=5271547
BATCH_PROGRESS ohlcv-1s/IONQ.OPT job=OPRA-20260914-S8PGYNU6VL files=1175/1239 rows=5753829
BATCH_PROGRESS ohlcv-1s/IONQ.OPT job=OPRA-20260914-S8PGYNU6VL files=1200/1239 rows=6054427
BATCH_PROGRESS ohlcv-1s/IONQ.OPT job=OPRA-20260914-S8PGYNU6VL files=1225/1239 rows=6355068
BATCH_PROGRESS ohlcv-1s/IONQ.OPT job=OPRA-20260914-S8PGYNU6VL files=1239/1239 rows=6532614
COMPLETED_BATCH ohlcv-1s/IONQ.OPT job=OPRA-20260914-S8PGYNU6VL published=1239 no_data=224
ONBOARDING OPRA.PILLAR/ohlcv-1m 2021-01-04 to 2026-09-12
BATCH_SCAN ohlcv-1m/IONQ.OPT verified_existing=0 verified_no_data=0 missing=1463
WAITING_BATCH job=OPRA-20260914-JHTJAPFUGB state=done progress=100
IGNORED_UNAVAILABLE_BATCH_FILES ohlcv-1m/IONQ.OPT job=OPRA-20260914-JHTJAPFUGB files=2
BATCH_PROGRESS ohlcv-1m/IONQ.OPT job=OPRA-20260914-JHTJAPFUGB files=25/1239 rows=29249
BATCH_PROGRESS ohlcv-1m/IONQ.OPT job=OPRA-20260914-JHTJAPFUGB files=50/1239 rows=91918
BATCH_PROGRESS ohlcv-1m/IONQ.OPT job=OPRA-20260914-JHTJAPFUGB files=75/1239 rows=111163
BATCH_PROGRESS ohlcv-1m/IONQ.OPT job=OPRA-20260914-JHTJAPFUGB files=100/1239 rows=128609
BATCH_PROGRESS ohlcv-1m/IONQ.OPT job=OPRA-20260914-JHTJAPFUGB files=125/1239 rows=142530
BATCH_PROGRESS ohlcv-1m/IONQ.OPT job=OPRA-20260914-JHTJAPFUGB files=150/1239 rows=154600
BATCH_PROGRESS ohlcv-1m/IONQ.OPT job=OPRA-20260914-JHTJAPFUGB files=175/1239 rows=160539
BATCH_PROGRESS ohlcv-1m/IONQ.OPT job=OPRA-20260914-JHTJAPFUGB files=200/1239 rows=162901
BATCH_PROGRESS ohlcv-1m/IONQ.OPT job=OPRA-20260914-JHTJAPFUGB files=225/1239 rows=169825
BATCH_PROGRESS ohlcv-1m/IONQ.OPT job=OPRA-20260914-JHTJAPFUGB files=250/1239 rows=172626
BATCH_PROGRESS ohlcv-1m/IONQ.OPT job=OPRA-20260914-JHTJAPFUGB files=275/1239 rows=174921
BATCH_PROGRESS ohlcv-1m/IONQ.OPT job=OPRA-20260914-JHTJAPFUGB files=300/1239 rows=177394
BATCH_PROGRESS ohlcv-1m/IONQ.OPT job=OPRA-20260914-JHTJAPFUGB files=325/1239 rows=178971
BATCH_PROGRESS ohlcv-1m/IONQ.OPT job=OPRA-20260914-JHTJAPFUGB files=350/1239 rows=184665
BATCH_PROGRESS ohlcv-1m/IONQ.OPT job=OPRA-20260914-JHTJAPFUGB files=375/1239 rows=187320
BATCH_PROGRESS ohlcv-1m/IONQ.OPT job=OPRA-20260914-JHTJAPFUGB files=400/1239 rows=194210
BATCH_PROGRESS ohlcv-1m/IONQ.OPT job=OPRA-20260914-JHTJAPFUGB files=425/1239 rows=219271
BATCH_PROGRESS ohlcv-1m/IONQ.OPT job=OPRA-20260914-JHTJAPFUGB files=450/1239 rows=260110
BATCH_PROGRESS ohlcv-1m/IONQ.OPT job=OPRA-20260914-JHTJAPFUGB files=475/1239 rows=319042
BATCH_PROGRESS ohlcv-1m/IONQ.OPT job=OPRA-20260914-JHTJAPFUGB files=500/1239 rows=368968
BATCH_PROGRESS ohlcv-1m/IONQ.OPT job=OPRA-20260914-JHTJAPFUGB files=525/1239 rows=401441
BATCH_PROGRESS ohlcv-1m/IONQ.OPT job=OPRA-20260914-JHTJAPFUGB files=550/1239 rows=429983
BATCH_PROGRESS ohlcv-1m/IONQ.OPT job=OPRA-20260914-JHTJAPFUGB files=575/1239 rows=456469
BATCH_PROGRESS ohlcv-1m/IONQ.OPT job=OPRA-20260914-JHTJAPFUGB files=600/1239 rows=483854
BATCH_PROGRESS ohlcv-1m/IONQ.OPT job=OPRA-20260914-JHTJAPFUGB files=625/1239 rows=533028
BATCH_PROGRESS ohlcv-1m/IONQ.OPT job=OPRA-20260914-JHTJAPFUGB files=650/1239 rows=559271
BATCH_PROGRESS ohlcv-1m/IONQ.OPT job=OPRA-20260914-JHTJAPFUGB files=675/1239 rows=576443
BATCH_PROGRESS ohlcv-1m/IONQ.OPT job=OPRA-20260914-JHTJAPFUGB files=700/1239 rows=594622
BATCH_PROGRESS ohlcv-1m/IONQ.OPT job=OPRA-20260914-JHTJAPFUGB files=725/1239 rows=610972
BATCH_PROGRESS ohlcv-1m/IONQ.OPT job=OPRA-20260914-JHTJAPFUGB files=750/1239 rows=627541
BATCH_PROGRESS ohlcv-1m/IONQ.OPT job=OPRA-20260914-JHTJAPFUGB files=775/1239 rows=740470
BATCH_PROGRESS ohlcv-1m/IONQ.OPT job=OPRA-20260914-JHTJAPFUGB files=800/1239 rows=972908
BATCH_PROGRESS ohlcv-1m/IONQ.OPT job=OPRA-20260914-JHTJAPFUGB files=825/1239 rows=1355888
BATCH_PROGRESS ohlcv-1m/IONQ.OPT job=OPRA-20260914-JHTJAPFUGB files=850/1239 rows=1607517
BATCH_PROGRESS ohlcv-1m/IONQ.OPT job=OPRA-20260914-JHTJAPFUGB files=875/1239 rows=1789202
BATCH_PROGRESS ohlcv-1m/IONQ.OPT job=OPRA-20260914-JHTJAPFUGB files=900/1239 rows=1927264
BATCH_PROGRESS ohlcv-1m/IONQ.OPT job=OPRA-20260914-JHTJAPFUGB files=925/1239 rows=2207827
BATCH_PROGRESS ohlcv-1m/IONQ.OPT job=OPRA-20260914-JHTJAPFUGB files=950/1239 rows=2498399
BATCH_PROGRESS ohlcv-1m/IONQ.OPT job=OPRA-20260914-JHTJAPFUGB files=975/1239 rows=2760094
BATCH_PROGRESS ohlcv-1m/IONQ.OPT job=OPRA-20260914-JHTJAPFUGB files=1000/1239 rows=3125031
BATCH_PROGRESS ohlcv-1m/IONQ.OPT job=OPRA-20260914-JHTJAPFUGB files=1025/1239 rows=3550836
BATCH_PROGRESS ohlcv-1m/IONQ.OPT job=OPRA-20260914-JHTJAPFUGB files=1050/1239 rows=3808620
BATCH_PROGRESS ohlcv-1m/IONQ.OPT job=OPRA-20260914-JHTJAPFUGB files=1075/1239 rows=4004510
BATCH_PROGRESS ohlcv-1m/IONQ.OPT job=OPRA-20260914-JHTJAPFUGB files=1100/1239 rows=4238395
BATCH_PROGRESS ohlcv-1m/IONQ.OPT job=OPRA-20260914-JHTJAPFUGB files=1125/1239 rows=4450350
BATCH_PROGRESS ohlcv-1m/IONQ.OPT job=OPRA-20260914-JHTJAPFUGB files=1150/1239 rows=4752546
BATCH_PROGRESS ohlcv-1m/IONQ.OPT job=OPRA-20260914-JHTJAPFUGB files=1175/1239 rows=5171290
BATCH_PROGRESS ohlcv-1m/IONQ.OPT job=OPRA-20260914-JHTJAPFUGB files=1200/1239 rows=5419757
BATCH_PROGRESS ohlcv-1m/IONQ.OPT job=OPRA-20260914-JHTJAPFUGB files=1225/1239 rows=5665825
BATCH_PROGRESS ohlcv-1m/IONQ.OPT job=OPRA-20260914-JHTJAPFUGB files=1239/1239 rows=5805910
COMPLETED_BATCH ohlcv-1m/IONQ.OPT job=OPRA-20260914-JHTJAPFUGB published=1239 no_data=224
ONBOARDING OPRA.PILLAR/ohlcv-1d 2021-01-04 to 2026-09-12
BATCH_SCAN ohlcv-1d/IONQ.OPT verified_existing=0 verified_no_data=0 missing=1463
WAITING_BATCH job=OPRA-20260914-4APXL4DVBP state=done progress=100
IGNORED_UNAVAILABLE_BATCH_FILES ohlcv-1d/IONQ.OPT job=OPRA-20260914-4APXL4DVBP files=2
BATCH_PROGRESS ohlcv-1d/IONQ.OPT job=OPRA-20260914-4APXL4DVBP files=25/1239 rows=10842
BATCH_PROGRESS ohlcv-1d/IONQ.OPT job=OPRA-20260914-4APXL4DVBP files=50/1239 rows=25870
BATCH_PROGRESS ohlcv-1d/IONQ.OPT job=OPRA-20260914-4APXL4DVBP files=75/1239 rows=34885
BATCH_PROGRESS ohlcv-1d/IONQ.OPT job=OPRA-20260914-4APXL4DVBP files=100/1239 rows=42208
BATCH_PROGRESS ohlcv-1d/IONQ.OPT job=OPRA-20260914-4APXL4DVBP files=125/1239 rows=48205
BATCH_PROGRESS ohlcv-1d/IONQ.OPT job=OPRA-20260914-4APXL4DVBP files=150/1239 rows=53789
BATCH_PROGRESS ohlcv-1d/IONQ.OPT job=OPRA-20260914-4APXL4DVBP files=175/1239 rows=57515
BATCH_PROGRESS ohlcv-1d/IONQ.OPT job=OPRA-20260914-4APXL4DVBP files=200/1239 rows=59279
BATCH_PROGRESS ohlcv-1d/IONQ.OPT job=OPRA-20260914-4APXL4DVBP files=225/1239 rows=62116
BATCH_PROGRESS ohlcv-1d/IONQ.OPT job=OPRA-20260914-4APXL4DVBP files=250/1239 rows=64121
BATCH_PROGRESS ohlcv-1d/IONQ.OPT job=OPRA-20260914-4APXL4DVBP files=275/1239 rows=65714
BATCH_PROGRESS ohlcv-1d/IONQ.OPT job=OPRA-20260914-4APXL4DVBP files=300/1239 rows=67301
BATCH_PROGRESS ohlcv-1d/IONQ.OPT job=OPRA-20260914-4APXL4DVBP files=325/1239 rows=68494
BATCH_PROGRESS ohlcv-1d/IONQ.OPT job=OPRA-20260914-4APXL4DVBP files=350/1239 rows=70838
BATCH_PROGRESS ohlcv-1d/IONQ.OPT job=OPRA-20260914-4APXL4DVBP files=375/1239 rows=72428
BATCH_PROGRESS ohlcv-1d/IONQ.OPT job=OPRA-20260914-4APXL4DVBP files=400/1239 rows=75277
BATCH_PROGRESS ohlcv-1d/IONQ.OPT job=OPRA-20260914-4APXL4DVBP files=425/1239 rows=84788
BATCH_PROGRESS ohlcv-1d/IONQ.OPT job=OPRA-20260914-4APXL4DVBP files=450/1239 rows=102523
BATCH_PROGRESS ohlcv-1d/IONQ.OPT job=OPRA-20260914-4APXL4DVBP files=475/1239 rows=127179
BATCH_PROGRESS ohlcv-1d/IONQ.OPT job=OPRA-20260914-4APXL4DVBP files=500/1239 rows=150133
BATCH_PROGRESS ohlcv-1d/IONQ.OPT job=OPRA-20260914-4APXL4DVBP files=525/1239 rows=167306
BATCH_PROGRESS ohlcv-1d/IONQ.OPT job=OPRA-20260914-4APXL4DVBP files=550/1239 rows=181416
BATCH_PROGRESS ohlcv-1d/IONQ.OPT job=OPRA-20260914-4APXL4DVBP files=575/1239 rows=195536
BATCH_PROGRESS ohlcv-1d/IONQ.OPT job=OPRA-20260914-4APXL4DVBP files=600/1239 rows=209693
BATCH_PROGRESS ohlcv-1d/IONQ.OPT job=OPRA-20260914-4APXL4DVBP files=625/1239 rows=229643
BATCH_PROGRESS ohlcv-1d/IONQ.OPT job=OPRA-20260914-4APXL4DVBP files=650/1239 rows=243879
BATCH_PROGRESS ohlcv-1d/IONQ.OPT job=OPRA-20260914-4APXL4DVBP files=675/1239 rows=254437
BATCH_PROGRESS ohlcv-1d/IONQ.OPT job=OPRA-20260914-4APXL4DVBP files=700/1239 rows=265111
BATCH_PROGRESS ohlcv-1d/IONQ.OPT job=OPRA-20260914-4APXL4DVBP files=725/1239 rows=275070
BATCH_PROGRESS ohlcv-1d/IONQ.OPT job=OPRA-20260914-4APXL4DVBP files=750/1239 rows=284494
BATCH_PROGRESS ohlcv-1d/IONQ.OPT job=OPRA-20260914-4APXL4DVBP files=775/1239 rows=320289
BATCH_PROGRESS ohlcv-1d/IONQ.OPT job=OPRA-20260914-4APXL4DVBP files=800/1239 rows=387150
BATCH_PROGRESS ohlcv-1d/IONQ.OPT job=OPRA-20260914-4APXL4DVBP files=825/1239 rows=489088
BATCH_PROGRESS ohlcv-1d/IONQ.OPT job=OPRA-20260914-4APXL4DVBP files=850/1239 rows=569905
BATCH_PROGRESS ohlcv-1d/IONQ.OPT job=OPRA-20260914-4APXL4DVBP files=875/1239 rows=636964
BATCH_PROGRESS ohlcv-1d/IONQ.OPT job=OPRA-20260914-4APXL4DVBP files=900/1239 rows=692182
BATCH_PROGRESS ohlcv-1d/IONQ.OPT job=OPRA-20260914-4APXL4DVBP files=925/1239 rows=780252
BATCH_PROGRESS ohlcv-1d/IONQ.OPT job=OPRA-20260914-4APXL4DVBP files=950/1239 rows=867759
BATCH_PROGRESS ohlcv-1d/IONQ.OPT job=OPRA-20260914-4APXL4DVBP files=975/1239 rows=951429
BATCH_PROGRESS ohlcv-1d/IONQ.OPT job=OPRA-20260914-4APXL4DVBP files=1000/1239 rows=1053418
BATCH_PROGRESS ohlcv-1d/IONQ.OPT job=OPRA-20260914-4APXL4DVBP files=1025/1239 rows=1174173
BATCH_PROGRESS ohlcv-1d/IONQ.OPT job=OPRA-20260914-4APXL4DVBP files=1050/1239 rows=1265857
BATCH_PROGRESS ohlcv-1d/IONQ.OPT job=OPRA-20260914-4APXL4DVBP files=1075/1239 rows=1336304
BATCH_PROGRESS ohlcv-1d/IONQ.OPT job=OPRA-20260914-4APXL4DVBP files=1100/1239 rows=1417097
BATCH_PROGRESS ohlcv-1d/IONQ.OPT job=OPRA-20260914-4APXL4DVBP files=1125/1239 rows=1487985
BATCH_PROGRESS ohlcv-1d/IONQ.OPT job=OPRA-20260914-4APXL4DVBP files=1150/1239 rows=1572031
BATCH_PROGRESS ohlcv-1d/IONQ.OPT job=OPRA-20260914-4APXL4DVBP files=1175/1239 rows=1679922
BATCH_PROGRESS ohlcv-1d/IONQ.OPT job=OPRA-20260914-4APXL4DVBP files=1200/1239 rows=1758005
BATCH_PROGRESS ohlcv-1d/IONQ.OPT job=OPRA-20260914-4APXL4DVBP files=1225/1239 rows=1834924
BATCH_PROGRESS ohlcv-1d/IONQ.OPT job=OPRA-20260914-4APXL4DVBP files=1239/1239 rows=1875617
COMPLETED_BATCH ohlcv-1d/IONQ.OPT job=OPRA-20260914-4APXL4DVBP published=1239 no_data=224
ONBOARDING OPRA.PILLAR/statistics 2021-01-04 to 2026-09-12
BATCH_SCAN statistics/IONQ.OPT verified_existing=0 verified_no_data=0 missing=1463
WAITING_BATCH job=OPRA-20260914-WGJ6PGEFR5 state=done progress=100
IGNORED_UNAVAILABLE_BATCH_FILES statistics/IONQ.OPT job=OPRA-20260914-WGJ6PGEFR5 files=2
BATCH_PROGRESS statistics/IONQ.OPT job=OPRA-20260914-WGJ6PGEFR5 files=25/1239 rows=3948
BATCH_PROGRESS statistics/IONQ.OPT job=OPRA-20260914-WGJ6PGEFR5 files=50/1239 rows=8788
BATCH_PROGRESS statistics/IONQ.OPT job=OPRA-20260914-WGJ6PGEFR5 files=75/1239 rows=13624
BATCH_PROGRESS statistics/IONQ.OPT job=OPRA-20260914-WGJ6PGEFR5 files=100/1239 rows=18082
BATCH_PROGRESS statistics/IONQ.OPT job=OPRA-20260914-WGJ6PGEFR5 files=125/1239 rows=22452
BATCH_PROGRESS statistics/IONQ.OPT job=OPRA-20260914-WGJ6PGEFR5 files=150/1239 rows=26462
BATCH_PROGRESS statistics/IONQ.OPT job=OPRA-20260914-WGJ6PGEFR5 files=175/1239 rows=29932
BATCH_PROGRESS statistics/IONQ.OPT job=OPRA-20260914-WGJ6PGEFR5 files=200/1239 rows=32962
BATCH_PROGRESS statistics/IONQ.OPT job=OPRA-20260914-WGJ6PGEFR5 files=225/1239 rows=35450
BATCH_PROGRESS statistics/IONQ.OPT job=OPRA-20260914-WGJ6PGEFR5 files=250/1239 rows=38188
BATCH_PROGRESS statistics/IONQ.OPT job=OPRA-20260914-WGJ6PGEFR5 files=275/1239 rows=40842
BATCH_PROGRESS statistics/IONQ.OPT job=OPRA-20260914-WGJ6PGEFR5 files=300/1239 rows=43288
BATCH_PROGRESS statistics/IONQ.OPT job=OPRA-20260914-WGJ6PGEFR5 files=325/1239 rows=45712
BATCH_PROGRESS statistics/IONQ.OPT job=OPRA-20260914-WGJ6PGEFR5 files=350/1239 rows=47628
BATCH_PROGRESS statistics/IONQ.OPT job=OPRA-20260914-WGJ6PGEFR5 files=375/1239 rows=60015
BATCH_PROGRESS statistics/IONQ.OPT job=OPRA-20260914-WGJ6PGEFR5 files=400/1239 rows=206218
BATCH_PROGRESS statistics/IONQ.OPT job=OPRA-20260914-WGJ6PGEFR5 files=425/1239 rows=652258
BATCH_PROGRESS statistics/IONQ.OPT job=OPRA-20260914-WGJ6PGEFR5 files=450/1239 rows=1595674
BATCH_PROGRESS statistics/IONQ.OPT job=OPRA-20260914-WGJ6PGEFR5 files=475/1239 rows=2787281
BATCH_PROGRESS statistics/IONQ.OPT job=OPRA-20260914-WGJ6PGEFR5 files=500/1239 rows=4077208
BATCH_PROGRESS statistics/IONQ.OPT job=OPRA-20260914-WGJ6PGEFR5 files=525/1239 rows=5335254
BATCH_PROGRESS statistics/IONQ.OPT job=OPRA-20260914-WGJ6PGEFR5 files=550/1239 rows=6380870
BATCH_PROGRESS statistics/IONQ.OPT job=OPRA-20260914-WGJ6PGEFR5 files=575/1239 rows=7331906
BATCH_PROGRESS statistics/IONQ.OPT job=OPRA-20260914-WGJ6PGEFR5 files=600/1239 rows=8227965
BATCH_PROGRESS statistics/IONQ.OPT job=OPRA-20260914-WGJ6PGEFR5 files=625/1239 rows=9065544
BATCH_PROGRESS statistics/IONQ.OPT job=OPRA-20260914-WGJ6PGEFR5 files=650/1239 rows=9822194
BATCH_PROGRESS statistics/IONQ.OPT job=OPRA-20260914-WGJ6PGEFR5 files=675/1239 rows=10508716
BATCH_PROGRESS statistics/IONQ.OPT job=OPRA-20260914-WGJ6PGEFR5 files=700/1239 rows=11169914
BATCH_PROGRESS statistics/IONQ.OPT job=OPRA-20260914-WGJ6PGEFR5 files=725/1239 rows=11869828
BATCH_PROGRESS statistics/IONQ.OPT job=OPRA-20260914-WGJ6PGEFR5 files=750/1239 rows=12590136
BATCH_PROGRESS statistics/IONQ.OPT job=OPRA-20260914-WGJ6PGEFR5 files=775/1239 rows=13678964
BATCH_PROGRESS statistics/IONQ.OPT job=OPRA-20260914-WGJ6PGEFR5 files=800/1239 rows=15385990
BATCH_PROGRESS statistics/IONQ.OPT job=OPRA-20260914-WGJ6PGEFR5 files=825/1239 rows=17494162
BATCH_PROGRESS statistics/IONQ.OPT job=OPRA-20260914-WGJ6PGEFR5 files=850/1239 rows=19463626
BATCH_PROGRESS statistics/IONQ.OPT job=OPRA-20260914-WGJ6PGEFR5 files=875/1239 rows=21267506
BATCH_PROGRESS statistics/IONQ.OPT job=OPRA-20260914-WGJ6PGEFR5 files=900/1239 rows=23172378
BATCH_PROGRESS statistics/IONQ.OPT job=OPRA-20260914-WGJ6PGEFR5 files=925/1239 rows=25871638
BATCH_PROGRESS statistics/IONQ.OPT job=OPRA-20260914-WGJ6PGEFR5 files=950/1239 rows=28379922
BATCH_PROGRESS statistics/IONQ.OPT job=OPRA-20260914-WGJ6PGEFR5 files=975/1239 rows=30492954
BATCH_PROGRESS statistics/IONQ.OPT job=OPRA-20260914-WGJ6PGEFR5 files=1000/1239 rows=32726078
BATCH_PROGRESS statistics/IONQ.OPT job=OPRA-20260914-WGJ6PGEFR5 files=1025/1239 rows=35444298
BATCH_PROGRESS statistics/IONQ.OPT job=OPRA-20260914-WGJ6PGEFR5 files=1050/1239 rows=37876374
BATCH_PROGRESS statistics/IONQ.OPT job=OPRA-20260914-WGJ6PGEFR5 files=1075/1239 rows=39828518
BATCH_PROGRESS statistics/IONQ.OPT job=OPRA-20260914-WGJ6PGEFR5 files=1100/1239 rows=41822190
BATCH_PROGRESS statistics/IONQ.OPT job=OPRA-20260914-WGJ6PGEFR5 files=1125/1239 rows=43739366
BATCH_PROGRESS statistics/IONQ.OPT job=OPRA-20260914-WGJ6PGEFR5 files=1150/1239 rows=45744154
BATCH_PROGRESS statistics/IONQ.OPT job=OPRA-20260914-WGJ6PGEFR5 files=1175/1239 rows=48046646
BATCH_PROGRESS statistics/IONQ.OPT job=OPRA-20260914-WGJ6PGEFR5 files=1200/1239 rows=50318750
BATCH_PROGRESS statistics/IONQ.OPT job=OPRA-20260914-WGJ6PGEFR5 files=1225/1239 rows=52585222
BATCH_PROGRESS statistics/IONQ.OPT job=OPRA-20260914-WGJ6PGEFR5 files=1239/1239 rows=53695806
COMPLETED_BATCH statistics/IONQ.OPT job=OPRA-20260914-WGJ6PGEFR5 published=1239 no_data=224
ONBOARDING OPRA.PILLAR/status 2024-07-17 to 2026-09-12
BATCH_SCAN status/IONQ.OPT verified_existing=0 verified_no_data=0 missing=563
WAITING_BATCH job=OPRA-20260914-7VQAY6FFF9 state=done progress=100
IGNORED_UNAVAILABLE_BATCH_FILES status/IONQ.OPT job=OPRA-20260914-7VQAY6FFF9 files=1
BATCH_PROGRESS status/IONQ.OPT job=OPRA-20260914-7VQAY6FFF9 files=25/493 rows=114744
BATCH_PROGRESS status/IONQ.OPT job=OPRA-20260914-7VQAY6FFF9 files=50/493 rows=236695
BATCH_PROGRESS status/IONQ.OPT job=OPRA-20260914-7VQAY6FFF9 files=75/493 rows=477546
BATCH_PROGRESS status/IONQ.OPT job=OPRA-20260914-7VQAY6FFF9 files=100/493 rows=956125
BATCH_PROGRESS status/IONQ.OPT job=OPRA-20260914-7VQAY6FFF9 files=125/493 rows=1644408
BATCH_PROGRESS status/IONQ.OPT job=OPRA-20260914-7VQAY6FFF9 files=150/493 rows=2157119
BATCH_PROGRESS status/IONQ.OPT job=OPRA-20260914-7VQAY6FFF9 files=175/493 rows=2698553
BATCH_PROGRESS status/IONQ.OPT job=OPRA-20260914-7VQAY6FFF9 files=200/493 rows=3023099
BATCH_PROGRESS status/IONQ.OPT job=OPRA-20260914-7VQAY6FFF9 files=225/493 rows=3185859
BATCH_PROGRESS status/IONQ.OPT job=OPRA-20260914-7VQAY6FFF9 files=250/493 rows=3342832
BATCH_PROGRESS status/IONQ.OPT job=OPRA-20260914-7VQAY6FFF9 files=275/493 rows=3547877
BATCH_PROGRESS status/IONQ.OPT job=OPRA-20260914-7VQAY6FFF9 files=300/493 rows=3738168
BATCH_PROGRESS status/IONQ.OPT job=OPRA-20260914-7VQAY6FFF9 files=325/493 rows=3888953
BATCH_PROGRESS status/IONQ.OPT job=OPRA-20260914-7VQAY6FFF9 files=350/493 rows=4038423
BATCH_PROGRESS status/IONQ.OPT job=OPRA-20260914-7VQAY6FFF9 files=375/493 rows=4186351
BATCH_PROGRESS status/IONQ.OPT job=OPRA-20260914-7VQAY6FFF9 files=400/493 rows=4332549
BATCH_PROGRESS status/IONQ.OPT job=OPRA-20260914-7VQAY6FFF9 files=425/493 rows=4501158
BATCH_PROGRESS status/IONQ.OPT job=OPRA-20260914-7VQAY6FFF9 files=450/493 rows=4677261
BATCH_PROGRESS status/IONQ.OPT job=OPRA-20260914-7VQAY6FFF9 files=475/493 rows=4850030
BATCH_PROGRESS status/IONQ.OPT job=OPRA-20260914-7VQAY6FFF9 files=493/493 rows=4960127
COMPLETED_BATCH status/IONQ.OPT job=OPRA-20260914-7VQAY6FFF9 published=493 no_data=70
ONBOARDING OPRA.PILLAR/tcbbo 2025-09-14 to 2026-09-12
BATCH_SCAN tcbbo/IONQ.OPT verified_existing=0 verified_no_data=0 missing=259
WAITING_BATCH job=OPRA-20260914-SG99KA865P state=done progress=100
IGNORED_UNAVAILABLE_BATCH_FILES tcbbo/IONQ.OPT job=OPRA-20260914-SG99KA865P files=1
BATCH_PROGRESS tcbbo/IONQ.OPT job=OPRA-20260914-SG99KA865P files=25/249 rows=612090
BATCH_PROGRESS tcbbo/IONQ.OPT job=OPRA-20260914-SG99KA865P files=50/249 rows=1029246
BATCH_PROGRESS tcbbo/IONQ.OPT job=OPRA-20260914-SG99KA865P files=75/249 rows=1273872
BATCH_PROGRESS tcbbo/IONQ.OPT job=OPRA-20260914-SG99KA865P files=100/249 rows=1580216
BATCH_PROGRESS tcbbo/IONQ.OPT job=OPRA-20260914-SG99KA865P files=125/249 rows=1859368
BATCH_PROGRESS tcbbo/IONQ.OPT job=OPRA-20260914-SG99KA865P files=150/249 rows=2220398
BATCH_PROGRESS tcbbo/IONQ.OPT job=OPRA-20260914-SG99KA865P files=175/249 rows=2735183
BATCH_PROGRESS tcbbo/IONQ.OPT job=OPRA-20260914-SG99KA865P files=200/249 rows=3124054
BATCH_PROGRESS tcbbo/IONQ.OPT job=OPRA-20260914-SG99KA865P files=225/249 rows=3458676
BATCH_PROGRESS tcbbo/IONQ.OPT job=OPRA-20260914-SG99KA865P files=249/249 rows=3785720
COMPLETED_BATCH tcbbo/IONQ.OPT job=OPRA-20260914-SG99KA865P published=249 no_data=10
ONBOARDING OPRA.PILLAR/cbbo-1s 2025-09-14 to 2026-09-12
BATCH_SCAN cbbo-1s/IONQ.OPT verified_existing=0 verified_no_data=0 missing=259
WAITING_BATCH job=OPRA-20260914-6SFLFUSJ8T state=done progress=100
IGNORED_UNAVAILABLE_BATCH_FILES cbbo-1s/IONQ.OPT job=OPRA-20260914-6SFLFUSJ8T files=1
BATCH_PROGRESS cbbo-1s/IONQ.OPT job=OPRA-20260914-6SFLFUSJ8T files=25/249 rows=352545970
BATCH_PROGRESS cbbo-1s/IONQ.OPT job=OPRA-20260914-6SFLFUSJ8T files=50/249 rows=493825129
BATCH_PROGRESS cbbo-1s/IONQ.OPT job=OPRA-20260914-6SFLFUSJ8T files=75/249 rows=587650750
BATCH_PROGRESS cbbo-1s/IONQ.OPT job=OPRA-20260914-6SFLFUSJ8T files=100/249 rows=697798112
BATCH_PROGRESS cbbo-1s/IONQ.OPT job=OPRA-20260914-6SFLFUSJ8T files=125/249 rows=817250403
BATCH_PROGRESS cbbo-1s/IONQ.OPT job=OPRA-20260914-6SFLFUSJ8T files=150/249 rows=915735432
BATCH_PROGRESS cbbo-1s/IONQ.OPT job=OPRA-20260914-6SFLFUSJ8T files=175/249 rows=1064169987
BATCH_PROGRESS cbbo-1s/IONQ.OPT job=OPRA-20260914-6SFLFUSJ8T files=200/249 rows=1209426292
BATCH_PROGRESS cbbo-1s/IONQ.OPT job=OPRA-20260914-6SFLFUSJ8T files=225/249 rows=1339421223
BATCH_PROGRESS cbbo-1s/IONQ.OPT job=OPRA-20260914-6SFLFUSJ8T files=249/249 rows=1437176623
COMPLETED_BATCH cbbo-1s/IONQ.OPT job=OPRA-20260914-6SFLFUSJ8T published=249 no_data=10
ONBOARDING OPRA.PILLAR/trades 2025-09-14 to 2026-09-12
BATCH_SCAN trades/IONQ.OPT verified_existing=0 verified_no_data=0 missing=259
WAITING_BATCH job=OPRA-20260914-RYE3T4BW69 state=done progress=100
IGNORED_UNAVAILABLE_BATCH_FILES trades/IONQ.OPT job=OPRA-20260914-RYE3T4BW69 files=1
BATCH_PROGRESS trades/IONQ.OPT job=OPRA-20260914-RYE3T4BW69 files=25/249 rows=612090
BATCH_PROGRESS trades/IONQ.OPT job=OPRA-20260914-RYE3T4BW69 files=50/249 rows=1029246
BATCH_PROGRESS trades/IONQ.OPT job=OPRA-20260914-RYE3T4BW69 files=75/249 rows=1273872
BATCH_PROGRESS trades/IONQ.OPT job=OPRA-20260914-RYE3T4BW69 files=100/249 rows=1580216
BATCH_PROGRESS trades/IONQ.OPT job=OPRA-20260914-RYE3T4BW69 files=125/249 rows=1859368
BATCH_PROGRESS trades/IONQ.OPT job=OPRA-20260914-RYE3T4BW69 files=150/249 rows=2220398
BATCH_PROGRESS trades/IONQ.OPT job=OPRA-20260914-RYE3T4BW69 files=175/249 rows=2735183
BATCH_PROGRESS trades/IONQ.OPT job=OPRA-20260914-RYE3T4BW69 files=200/249 rows=3124054
BATCH_PROGRESS trades/IONQ.OPT job=OPRA-20260914-RYE3T4BW69 files=225/249 rows=3458676
BATCH_PROGRESS trades/IONQ.OPT job=OPRA-20260914-RYE3T4BW69 files=249/249 rows=3785720
COMPLETED_BATCH trades/IONQ.OPT job=OPRA-20260914-RYE3T4BW69 published=249 no_data=10
ONBOARDING XNAS.ITCH/ohlcv-1s 2021-01-04 to 2026-09-12
USING_BATCH_FALLBACK XNAS.ITCH/ohlcv-1s/IONQ; retained_matching_partials=0
BATCH_FALLBACK_RESUMED job_id=XNAS-20260914-WSRPRSR5QD
BATCH_FALLBACK_READY job_id=XNAS-20260914-WSRPRSR5QD
ONBOARDING XNAS.ITCH/ohlcv-1m 2021-01-04 to 2026-09-12
USING_BATCH_FALLBACK XNAS.ITCH/ohlcv-1m/IONQ; retained_matching_partials=0
BATCH_FALLBACK_RESUMED job_id=XNAS-20260914-V6Y66AK3QD
BATCH_FALLBACK_READY job_id=XNAS-20260914-V6Y66AK3QD
ONBOARDING XNAS.ITCH/ohlcv-1h 2021-01-04 to 2026-09-12
USING_BATCH_FALLBACK XNAS.ITCH/ohlcv-1h/IONQ; retained_matching_partials=0
BATCH_FALLBACK_RESUMED job_id=XNAS-20260914-NCKKV7P4GB
BATCH_FALLBACK_READY job_id=XNAS-20260914-NCKKV7P4GB
ONBOARDING XNAS.ITCH/ohlcv-1d 2021-01-04 to 2026-09-12
USING_BATCH_FALLBACK XNAS.ITCH/ohlcv-1d/IONQ; retained_matching_partials=0
BATCH_FALLBACK_RESUMED job_id=XNAS-20260914-VDMHH7KW55
BATCH_FALLBACK_READY job_id=XNAS-20260914-VDMHH7KW55
ONBOARDING XNAS.ITCH/definition 2021-01-04 to 2026-09-12
USING_BATCH_FALLBACK XNAS.ITCH/definition/IONQ; retained_matching_partials=0
BATCH_FALLBACK_RESUMED job_id=XNAS-20260914-BPP7H4A4ML
BATCH_FALLBACK_READY job_id=XNAS-20260914-BPP7H4A4ML
ONBOARDING XNAS.ITCH/statistics 2021-01-04 to 2026-09-12
USING_BATCH_FALLBACK XNAS.ITCH/statistics/IONQ; retained_matching_partials=0
BATCH_FALLBACK_RESUMED job_id=XNAS-20260914-3WVX45KSK4
BATCH_FALLBACK_READY job_id=XNAS-20260914-3WVX45KSK4
ONBOARDING XNAS.ITCH/status 2021-01-04 to 2026-09-12
USING_BATCH_FALLBACK XNAS.ITCH/status/IONQ; retained_matching_partials=0
BATCH_FALLBACK_RESUMED job_id=XNAS-20260914-T86XBE5R3P
BATCH_FALLBACK_READY job_id=XNAS-20260914-T86XBE5R3P
ONBOARDING XNAS.ITCH/tbbo 2025-09-14 to 2026-09-12
USING_BATCH_FALLBACK XNAS.ITCH/tbbo/IONQ; retained_matching_partials=0
BATCH_FALLBACK_RESUMED job_id=XNAS-20260914-MWN8V9LDWB
BATCH_FALLBACK_READY job_id=XNAS-20260914-MWN8V9LDWB
ONBOARDING XNAS.ITCH/bbo-1s 2025-09-14 to 2026-09-12
USING_BATCH_FALLBACK XNAS.ITCH/bbo-1s/IONQ; retained_matching_partials=0
BATCH_FALLBACK_RESUMED job_id=XNAS-20260914-T6QQYVM3E7
BATCH_FALLBACK_READY job_id=XNAS-20260914-T6QQYVM3E7
ONBOARDING XNAS.ITCH/bbo-1m 2025-09-14 to 2026-09-12
USING_BATCH_FALLBACK XNAS.ITCH/bbo-1m/IONQ; retained_matching_partials=0
BATCH_FALLBACK_RESUMED job_id=XNAS-20260914-WNUAT5WEXK
BATCH_FALLBACK_READY job_id=XNAS-20260914-WNUAT5WEXK
ONBOARDING XNAS.ITCH/trades 2025-09-14 to 2026-09-12
USING_BATCH_FALLBACK XNAS.ITCH/trades/IONQ; retained_matching_partials=0
BATCH_FALLBACK_RESUMED job_id=XNAS-20260914-4LLAQFXNSY
BATCH_FALLBACK_READY job_id=XNAS-20260914-4LLAQFXNSY
ONBOARDING XNAS.ITCH/mbp-10 2026-08-14 to 2026-09-12
USING_BATCH_FALLBACK XNAS.ITCH/mbp-10/IONQ; retained_matching_partials=0
BATCH_FALLBACK_RESUMED job_id=XNAS-20260914-WC4TELWEEH
BATCH_FALLBACK_READY job_id=XNAS-20260914-WC4TELWEEH
ONBOARDING XNAS.ITCH/mbo 2026-08-14 to 2026-09-12
USING_BATCH_FALLBACK XNAS.ITCH/mbo/IONQ; retained_matching_partials=0
BATCH_FALLBACK_RESUMED job_id=XNAS-20260914-5B9GNGRYEK
BATCH_FALLBACK_READY job_id=XNAS-20260914-5B9GNGRYEK
ONBOARDING XNAS.ITCH/imbalance 2026-08-14 to 2026-09-12
USING_BATCH_FALLBACK XNAS.ITCH/imbalance/IONQ; retained_matching_partials=0
BATCH_FALLBACK_RESUMED job_id=XNAS-20260914-65KY8VYWTE
BATCH_FALLBACK_READY job_id=XNAS-20260914-65KY8VYWTE
SEC_HISTORY CROX 50/663
SEC_HISTORY CROX 100/663
SEC_HISTORY CROX 150/663
SEC_HISTORY CROX 200/663
SEC_HISTORY CROX 250/663
SEC_HISTORY CROX 300/663
SEC_HISTORY CROX 350/663
SEC_HISTORY CROX 400/663
SEC_HISTORY CROX 450/663
SEC_HISTORY CROX 500/663
SEC_HISTORY CROX 550/663
SEC_HISTORY CROX 600/663
SEC_HISTORY CROX 650/663
[databento/bar-consolidation] symbol=CROX; shadowed_derived_rows_removed=608; derived_gap_rows_retained=763
SEC_HISTORY PATH 50/665
SEC_HISTORY PATH 100/665
SEC_HISTORY PATH 150/665
SEC_HISTORY PATH 200/665
SEC_HISTORY PATH 250/665
SEC_HISTORY PATH 300/665
SEC_HISTORY PATH 350/665
SEC_HISTORY PATH 400/665
SEC_HISTORY PATH 450/665
SEC_HISTORY PATH 500/665
SEC_HISTORY PATH 550/665
SEC_HISTORY PATH 600/665
SEC_HISTORY PATH 650/665
[databento/bar-consolidation] symbol=PATH; shadowed_derived_rows_removed=937; derived_gap_rows_retained=439
SEC_HISTORY TWST 50/1587
SEC_HISTORY TWST 100/1587
SEC_HISTORY TWST 150/1587
SEC_HISTORY TWST 200/1587
SEC_HISTORY TWST 250/1587
SEC_HISTORY TWST 300/1587
SEC_HISTORY TWST 350/1587
SEC_HISTORY TWST 400/1587
SEC_HISTORY TWST 450/1587
SEC_HISTORY TWST 500/1587
SEC_HISTORY TWST 550/1587
SEC_HISTORY TWST 600/1587
SEC_HISTORY TWST 650/1587
SEC_HISTORY TWST 700/1587
SEC_HISTORY TWST 750/1587
SEC_HISTORY TWST 800/1587
SEC_HISTORY TWST 850/1587
SEC_HISTORY TWST 900/1587
SEC_HISTORY TWST 950/1587
SEC_HISTORY TWST 1000/1587
SEC_HISTORY TWST 1050/1587
SEC_HISTORY TWST 1100/1587
SEC_HISTORY TWST 1150/1587
SEC_HISTORY TWST 1200/1587
SEC_HISTORY TWST 1250/1587
SEC_HISTORY TWST 1300/1587
SEC_HISTORY TWST 1350/1587
SEC_HISTORY TWST 1400/1587
SEC_HISTORY TWST 1450/1587
SEC_HISTORY TWST 1500/1587
SEC_HISTORY TWST 1550/1587
[databento/bar-consolidation] symbol=TWST; shadowed_derived_rows_removed=627; derived_gap_rows_retained=748
SEC_HISTORY IONQ 50/621
SEC_HISTORY IONQ 100/621
SEC_HISTORY IONQ 150/621
SEC_HISTORY IONQ 200/621
SEC_HISTORY IONQ 250/621
SEC_HISTORY IONQ 300/621
SEC_HISTORY IONQ 350/621
SEC_HISTORY IONQ 400/621
SEC_HISTORY IONQ 450/621
SEC_HISTORY IONQ 500/621
SEC_HISTORY IONQ 550/621
SEC_HISTORY IONQ 600/621
[databento/bar-consolidation] symbol=IONQ; shadowed_derived_rows_removed=1133; derived_gap_rows_retained=243
OVERNIGHT RUNNING loop_a_close_fetch C:\DATASTORE\ml\overnight-runs\20260914T092423.869840Z
OVERNIGHT RUNNING loop_a_close_fetch C:\DATASTORE\ml\overnight-runs\20260914T092423.869840Z
OVERNIGHT RUNNING loop_a_close_fetch C:\DATASTORE\ml\overnight-runs\20260914T092423.869840Z
OVERNIGHT RUNNING loop_a_close_fetch C:\DATASTORE\ml\overnight-runs\20260914T092423.869840Z
OVERNIGHT RUNNING loop_a_close_fetch C:\DATASTORE\ml\overnight-runs\20260914T092423.869840Z
OVERNIGHT RUNNING loop_a_close_fetch C:\DATASTORE\ml\overnight-runs\20260914T092423.869840Z
OVERNIGHT RUNNING loop_a_close_fetch C:\DATASTORE\ml\overnight-runs\20260914T092423.869840Z
OVERNIGHT RUNNING loop_a_close_fetch C:\DATASTORE\ml\overnight-runs\20260914T092423.869840Z
OVERNIGHT RUNNING loop_a_close_fetch C:\DATASTORE\ml\overnight-runs\20260914T092423.869840Z
OVERNIGHT RUNNING loop_a_close_fetch C:\DATASTORE\ml\overnight-runs\20260914T092423.869840Z
OVERNIGHT RUNNING loop_a_close_fetch C:\DATASTORE\ml\overnight-runs\20260914T092423.869840Z
OVERNIGHT RUNNING loop_a_close_fetch C:\DATASTORE\ml\overnight-runs\20260914T092423.869840Z
OVERNIGHT RUNNING loop_a_close_fetch C:\DATASTORE\ml\overnight-runs\20260914T092423.869840Z
OVERNIGHT RUNNING loop_a_close_fetch C:\DATASTORE\ml\overnight-runs\20260914T092423.869840Z
OVERNIGHT RUNNING loop_a_close_fetch C:\DATASTORE\ml\overnight-runs\20260914T092423.869840Z
OVERNIGHT RUNNING loop_a_close_fetch C:\DATASTORE\ml\overnight-runs\20260914T092423.869840Z
OVERNIGHT RUNNING loop_a_close_fetch C:\DATASTORE\ml\overnight-runs\20260914T092423.869840Z
OVERNIGHT RUNNING loop_a_close_fetch C:\DATASTORE\ml\overnight-runs\20260914T092423.869840Z
OVERNIGHT RUNNING loop_a_close_fetch C:\DATASTORE\ml\overnight-runs\20260914T092423.869840Z
OVERNIGHT RUNNING loop_a_close_fetch C:\DATASTORE\ml\overnight-runs\20260914T092423.869840Z
OVERNIGHT RUNNING loop_a_close_fetch C:\DATASTORE\ml\overnight-runs\20260914T092423.869840Z
OVERNIGHT RUNNING loop_a_close_fetch C:\DATASTORE\ml\overnight-runs\20260914T092423.869840Z
OVERNIGHT RUNNING loop_a_close_fetch C:\DATASTORE\ml\overnight-runs\20260914T092423.869840Z
OVERNIGHT RUNNING loop_a_close_fetch C:\DATASTORE\ml\overnight-runs\20260914T092423.869840Z
OVERNIGHT RUNNING loop_a_close_fetch C:\DATASTORE\ml\overnight-runs\20260914T092423.869840Z
OVERNIGHT RUNNING loop_a_close_fetch C:\DATASTORE\ml\overnight-runs\20260914T092423.869840Z
OVERNIGHT RUNNING loop_a_close_fetch C:\DATASTORE\ml\overnight-runs\20260914T092423.869840Z
OVERNIGHT RUNNING loop_a_close_fetch C:\DATASTORE\ml\overnight-runs\20260914T092423.869840Z
OVERNIGHT RUNNING loop_a_close_fetch C:\DATASTORE\ml\overnight-runs\20260914T092423.869840Z
OVERNIGHT RUNNING loop_a_close_fetch C:\DATASTORE\ml\overnight-runs\20260914T092423.869840Z
OVERNIGHT RUNNING loop_a_close_fetch C:\DATASTORE\ml\overnight-runs\20260914T092423.869840Z
OVERNIGHT RUNNING loop_a_close_fetch C:\DATASTORE\ml\overnight-runs\20260914T092423.869840Z
OVERNIGHT RUNNING loop_a_close_fetch C:\DATASTORE\ml\overnight-runs\20260914T092423.869840Z
OVERNIGHT RUNNING loop_a_close_fetch C:\DATASTORE\ml\overnight-runs\20260914T092423.869840Z
OVERNIGHT RUNNING loop_a_close_fetch C:\DATASTORE\ml\overnight-runs\20260914T092423.869840Z
OVERNIGHT RUNNING loop_a_close_fetch C:\DATASTORE\ml\overnight-runs\20260914T092423.869840Z
OVERNIGHT RUNNING loop_a_close_fetch C:\DATASTORE\ml\overnight-runs\20260914T092423.869840Z
OVERNIGHT RUNNING loop_a_close_fetch C:\DATASTORE\ml\overnight-runs\20260914T092423.869840Z
OVERNIGHT RUNNING loop_a_close_fetch C:\DATASTORE\ml\overnight-runs\20260914T092423.869840Z
OVERNIGHT RUNNING loop_a_close_fetch C:\DATASTORE\ml\overnight-runs\20260914T092423.869840Z
OVERNIGHT RUNNING loop_a_close_fetch C:\DATASTORE\ml\overnight-runs\20260914T092423.869840Z
OVERNIGHT RUNNING loop_a_close_fetch C:\DATASTORE\ml\overnight-runs\20260914T092423.869840Z
OVERNIGHT RUNNING loop_a_close_fetch C:\DATASTORE\ml\overnight-runs\20260914T092423.869840Z
OVERNIGHT RUNNING loop_a_close_fetch C:\DATASTORE\ml\overnight-runs\20260914T092423.869840Z
OVERNIGHT RUNNING loop_a_close_fetch C:\DATASTORE\ml\overnight-runs\20260914T092423.869840Z
OVERNIGHT RUNNING loop_a_close_fetch C:\DATASTORE\ml\overnight-runs\20260914T092423.869840Z
OVERNIGHT RUNNING loop_a_close_fetch C:\DATASTORE\ml\overnight-runs\20260914T092423.869840Z
OVERNIGHT RUNNING loop_a_close_fetch C:\DATASTORE\ml\overnight-runs\20260914T092423.869840Z
OVERNIGHT RUNNING loop_a_close_fetch C:\DATASTORE\ml\overnight-runs\20260914T092423.869840Z
OVERNIGHT RUNNING loop_a_close_fetch C:\DATASTORE\ml\overnight-runs\20260914T092423.869840Z
OVERNIGHT RUNNING loop_a_close_fetch C:\DATASTORE\ml\overnight-runs\20260914T092423.869840Z
OVERNIGHT RUNNING loop_a_close_fetch C:\DATASTORE\ml\overnight-runs\20260914T092423.869840Z
OVERNIGHT RUNNING loop_a_close_fetch C:\DATASTORE\ml\overnight-runs\20260914T092423.869840Z
OVERNIGHT RUNNING loop_a_close_fetch C:\DATASTORE\ml\overnight-runs\20260914T092423.869840Z
OVERNIGHT RUNNING loop_a_close_fetch C:\DATASTORE\ml\overnight-runs\20260914T092423.869840Z
OVERNIGHT RUNNING loop_a_close_fetch C:\DATASTORE\ml\overnight-runs\20260914T092423.869840Z
OVERNIGHT RUNNING loop_a_close_fetch C:\DATASTORE\ml\overnight-runs\20260914T092423.869840Z
OVERNIGHT RUNNING loop_a_close_fetch C:\DATASTORE\ml\overnight-runs\20260914T092423.869840Z
OVERNIGHT RUNNING loop_a_close_fetch C:\DATASTORE\ml\overnight-runs\20260914T092423.869840Z
OVERNIGHT RUNNING loop_a_close_fetch C:\DATASTORE\ml\overnight-runs\20260914T092423.869840Z
OVERNIGHT RUNNING loop_a_close_fetch C:\DATASTORE\ml\overnight-runs\20260914T092423.869840Z
OVERNIGHT RUNNING loop_a_close_fetch C:\DATASTORE\ml\overnight-runs\20260914T092423.869840Z
OVERNIGHT RUNNING loop_a_close_fetch C:\DATASTORE\ml\overnight-runs\20260914T092423.869840Z
OVERNIGHT RUNNING loop_a_close_fetch C:\DATASTORE\ml\overnight-runs\20260914T092423.869840Z
OVERNIGHT RUNNING loop_a_close_fetch C:\DATASTORE\ml\overnight-runs\20260914T092423.869840Z
OVERNIGHT RUNNING loop_a_close_fetch C:\DATASTORE\ml\overnight-runs\20260914T092423.869840Z
OVERNIGHT RUNNING loop_a_close_fetch C:\DATASTORE\ml\overnight-runs\20260914T092423.869840Z
OVERNIGHT RUNNING loop_a_close_fetch C:\DATASTORE\ml\overnight-runs\20260914T092423.869840Z
OVERNIGHT RUNNING loop_a_close_fetch C:\DATASTORE\ml\overnight-runs\20260914T092423.869840Z
OVERNIGHT RUNNING loop_a_close_fetch C:\DATASTORE\ml\overnight-runs\20260914T092423.869840Z
OVERNIGHT RUNNING loop_a_close_fetch C:\DATASTORE\ml\overnight-runs\20260914T092423.869840Z
OVERNIGHT RUNNING loop_a_close_fetch C:\DATASTORE\ml\overnight-runs\20260914T092423.869840Z
OVERNIGHT RUNNING loop_a_close_fetch C:\DATASTORE\ml\overnight-runs\20260914T092423.869840Z
OVERNIGHT RUNNING loop_a_close_fetch C:\DATASTORE\ml\overnight-runs\20260914T092423.869840Z
OVERNIGHT RUNNING loop_a_close_fetch C:\DATASTORE\ml\overnight-runs\20260914T092423.869840Z
OVERNIGHT RUNNING loop_a_close_fetch C:\DATASTORE\ml\overnight-runs\20260914T092423.869840Z
OVERNIGHT RUNNING loop_a_close_fetch C:\DATASTORE\ml\overnight-runs\20260914T092423.869840Z
OVERNIGHT RUNNING loop_a_close_fetch C:\DATASTORE\ml\overnight-runs\20260914T092423.869840Z
OVERNIGHT RUNNING loop_a_close_fetch C:\DATASTORE\ml\overnight-runs\20260914T092423.869840Z
OVERNIGHT RUNNING loop_a_close_fetch C:\DATASTORE\ml\overnight-runs\20260914T092423.869840Z
OVERNIGHT RUNNING loop_a_close_fetch C:\DATASTORE\ml\overnight-runs\20260914T092423.869840Z
OVERNIGHT RUNNING loop_a_close_fetch C:\DATASTORE\ml\overnight-runs\20260914T092423.869840Z
OVERNIGHT RUNNING loop_a_close_fetch C:\DATASTORE\ml\overnight-runs\20260914T092423.869840Z
OVERNIGHT RUNNING loop_a_close_fetch C:\DATASTORE\ml\overnight-runs\20260914T092423.869840Z
OVERNIGHT RUNNING loop_a_close_fetch C:\DATASTORE\ml\overnight-runs\20260914T092423.869840Z
OVERNIGHT RUNNING loop_a_close_fetch C:\DATASTORE\ml\overnight-runs\20260914T092423.869840Z
OVERNIGHT RUNNING loop_a_close_fetch C:\DATASTORE\ml\overnight-runs\20260914T092423.869840Z
OVERNIGHT RUNNING loop_a_close_fetch C:\DATASTORE\ml\overnight-runs\20260914T092423.869840Z
OVERNIGHT RUNNING loop_a_close_fetch C:\DATASTORE\ml\overnight-runs\20260914T092423.869840Z
OVERNIGHT RUNNING loop_a_close_fetch C:\DATASTORE\ml\overnight-runs\20260914T092423.869840Z
OVERNIGHT RUNNING loop_a_close_fetch C:\DATASTORE\ml\overnight-runs\20260914T092423.869840Z
OVERNIGHT RUNNING loop_a_close_fetch C:\DATASTORE\ml\overnight-runs\20260914T092423.869840Z
OVERNIGHT RUNNING loop_a_close_fetch C:\DATASTORE\ml\overnight-runs\20260914T092423.869840Z
OVERNIGHT RUNNING loop_a_close_fetch C:\DATASTORE\ml\overnight-runs\20260914T092423.869840Z
OVERNIGHT RUNNING loop_a_close_fetch C:\DATASTORE\ml\overnight-runs\20260914T092423.869840Z
OVERNIGHT RUNNING loop_a_close_fetch C:\DATASTORE\ml\overnight-runs\20260914T092423.869840Z
OVERNIGHT RUNNING loop_a_close_fetch C:\DATASTORE\ml\overnight-runs\20260914T092423.869840Z
OVERNIGHT RUNNING loop_a_close_fetch C:\DATASTORE\ml\overnight-runs\20260914T092423.869840Z
OVERNIGHT RUNNING loop_a_close_fetch C:\DATASTORE\ml\overnight-runs\20260914T092423.869840Z
OVERNIGHT RUNNING loop_a_close_fetch C:\DATASTORE\ml\overnight-runs\20260914T092423.869840Z
OVERNIGHT RUNNING loop_a_close_fetch C:\DATASTORE\ml\overnight-runs\20260914T092423.869840Z
OVERNIGHT RUNNING loop_a_close_fetch C:\DATASTORE\ml\overnight-runs\20260914T092423.869840Z
OVERNIGHT RUNNING loop_a_close_fetch C:\DATASTORE\ml\overnight-runs\20260914T092423.869840Z
OVERNIGHT RUNNING loop_a_close_fetch C:\DATASTORE\ml\overnight-runs\20260914T092423.869840Z
OVERNIGHT RUNNING loop_a_close_fetch C:\DATASTORE\ml\overnight-runs\20260914T092423.869840Z
OVERNIGHT RUNNING loop_a_close_fetch C:\DATASTORE\ml\overnight-runs\20260914T092423.869840Z
OVERNIGHT RUNNING loop_a_close_fetch C:\DATASTORE\ml\overnight-runs\20260914T092423.869840Z
OVERNIGHT RUNNING loop_a_close_fetch C:\DATASTORE\ml\overnight-runs\20260914T092423.869840Z
OVERNIGHT RUNNING loop_a_close_fetch C:\DATASTORE\ml\overnight-runs\20260914T092423.869840Z
OVERNIGHT RUNNING loop_a_close_fetch C:\DATASTORE\ml\overnight-runs\20260914T092423.869840Z
OVERNIGHT RUNNING loop_a_close_fetch C:\DATASTORE\ml\overnight-runs\20260914T092423.869840Z
OVERNIGHT RUNNING loop_a_close_fetch C:\DATASTORE\ml\overnight-runs\20260914T092423.869840Z
OVERNIGHT RUNNING loop_a_close_fetch C:\DATASTORE\ml\overnight-runs\20260914T092423.869840Z
OVERNIGHT RUNNING loop_a_close_fetch C:\DATASTORE\ml\overnight-runs\20260914T092423.869840Z
OVERNIGHT RUNNING loop_a_close_fetch C:\DATASTORE\ml\overnight-runs\20260914T092423.869840Z
OVERNIGHT RUNNING loop_a_close_fetch C:\DATASTORE\ml\overnight-runs\20260914T092423.869840Z
OVERNIGHT RUNNING loop_a_close_fetch C:\DATASTORE\ml\overnight-runs\20260914T092423.869840Z
OVERNIGHT RUNNING loop_a_close_fetch C:\DATASTORE\ml\overnight-runs\20260914T092423.869840Z
OVERNIGHT RUNNING loop_a_close_fetch C:\DATASTORE\ml\overnight-runs\20260914T092423.869840Z
OVERNIGHT RUNNING loop_a_close_fetch C:\DATASTORE\ml\overnight-runs\20260914T092423.869840Z
OVERNIGHT RUNNING loop_a_close_fetch C:\DATASTORE\ml\overnight-runs\20260914T092423.869840Z
OVERNIGHT RUNNING loop_a_close_fetch C:\DATASTORE\ml\overnight-runs\20260914T092423.869840Z
OVERNIGHT RUNNING loop_a_close_fetch C:\DATASTORE\ml\overnight-runs\20260914T092423.869840Z
OVERNIGHT RUNNING loop_a_close_fetch C:\DATASTORE\ml\overnight-runs\20260914T092423.869840Z
OVERNIGHT RUNNING loop_a_close_fetch C:\DATASTORE\ml\overnight-runs\20260914T092423.869840Z
OVERNIGHT RUNNING loop_a_close_fetch C:\DATASTORE\ml\overnight-runs\20260914T092423.869840Z
OVERNIGHT RUNNING loop_a_close_fetch C:\DATASTORE\ml\overnight-runs\20260914T092423.869840Z
OVERNIGHT RUNNING loop_a_close_fetch C:\DATASTORE\ml\overnight-runs\20260914T092423.869840Z
OVERNIGHT RUNNING loop_a_close_fetch C:\DATASTORE\ml\overnight-runs\20260914T092423.869840Z
OVERNIGHT RUNNING loop_a_close_fetch C:\DATASTORE\ml\overnight-runs\20260914T092423.869840Z
OVERNIGHT RUNNING loop_a_close_fetch C:\DATASTORE\ml\overnight-runs\20260914T092423.869840Z
OVERNIGHT RUNNING loop_a_close_fetch C:\DATASTORE\ml\overnight-runs\20260914T092423.869840Z
OVERNIGHT RUNNING loop_a_close_fetch C:\DATASTORE\ml\overnight-runs\20260914T092423.869840Z
OVERNIGHT RUNNING loop_a_close_fetch C:\DATASTORE\ml\overnight-runs\20260914T092423.869840Z
OVERNIGHT RUNNING loop_a_close_fetch C:\DATASTORE\ml\overnight-runs\20260914T092423.869840Z
OVERNIGHT RUNNING loop_a_close_fetch C:\DATASTORE\ml\overnight-runs\20260914T092423.869840Z
OVERNIGHT RUNNING loop_a_close_fetch C:\DATASTORE\ml\overnight-runs\20260914T092423.869840Z
OVERNIGHT RUNNING loop_a_close_fetch C:\DATASTORE\ml\overnight-runs\20260914T092423.869840Z
OVERNIGHT RUNNING loop_a_close_fetch C:\DATASTORE\ml\overnight-runs\20260914T092423.869840Z
OVERNIGHT RUNNING loop_a_close_fetch C:\DATASTORE\ml\overnight-runs\20260914T092423.869840Z
OVERNIGHT RUNNING loop_a_close_fetch C:\DATASTORE\ml\overnight-runs\20260914T092423.869840Z
OVERNIGHT RUNNING loop_a_close_fetch C:\DATASTORE\ml\overnight-runs\20260914T092423.869840Z
OVERNIGHT RUNNING loop_a_close_fetch C:\DATASTORE\ml\overnight-runs\20260914T092423.869840Z
OVERNIGHT RUNNING loop_a_close_fetch C:\DATASTORE\ml\overnight-runs\20260914T092423.869840Z
OVERNIGHT RUNNING loop_a_close_fetch C:\DATASTORE\ml\overnight-runs\20260914T092423.869840Z
OVERNIGHT RUNNING loop_a_close_fetch C:\DATASTORE\ml\overnight-runs\20260914T092423.869840Z
OVERNIGHT RUNNING loop_a_close_fetch C:\DATASTORE\ml\overnight-runs\20260914T092423.869840Z
OVERNIGHT RUNNING loop_a_close_fetch C:\DATASTORE\ml\overnight-runs\20260914T092423.869840Z
OVERNIGHT RUNNING loop_a_close_fetch C:\DATASTORE\ml\overnight-runs\20260914T092423.869840Z
OVERNIGHT RUNNING loop_a_close_fetch C:\DATASTORE\ml\overnight-runs\20260914T092423.869840Z
OVERNIGHT RUNNING loop_a_close_fetch C:\DATASTORE\ml\overnight-runs\20260914T092423.869840Z
OVERNIGHT RUNNING loop_a_close_fetch C:\DATASTORE\ml\overnight-runs\20260914T092423.869840Z
OVERNIGHT RUNNING loop_a_close_fetch C:\DATASTORE\ml\overnight-runs\20260914T092423.869840Z
OVERNIGHT RUNNING loop_a_close_fetch C:\DATASTORE\ml\overnight-runs\20260914T092423.869840Z
OVERNIGHT RUNNING loop_a_close_fetch C:\DATASTORE\ml\overnight-runs\20260914T092423.869840Z
OVERNIGHT RUNNING loop_a_close_fetch C:\DATASTORE\ml\overnight-runs\20260914T092423.869840Z
OVERNIGHT RUNNING loop_a_close_fetch C:\DATASTORE\ml\overnight-runs\20260914T092423.869840Z
OVERNIGHT RUNNING loop_a_close_fetch C:\DATASTORE\ml\overnight-runs\20260914T092423.869840Z
OVERNIGHT RUNNING loop_a_close_fetch C:\DATASTORE\ml\overnight-runs\20260914T092423.869840Z
OVERNIGHT RUNNING loop_a_close_fetch C:\DATASTORE\ml\overnight-runs\20260914T092423.869840Z
OVERNIGHT RUNNING loop_a_close_fetch C:\DATASTORE\ml\overnight-runs\20260914T092423.869840Z
OVERNIGHT RUNNING loop_a_close_fetch C:\DATASTORE\ml\overnight-runs\20260914T092423.869840Z
OVERNIGHT RUNNING loop_a_close_fetch C:\DATASTORE\ml\overnight-runs\20260914T092423.869840Z
OVERNIGHT RUNNING loop_a_close_fetch C:\DATASTORE\ml\overnight-runs\20260914T092423.869840Z
OVERNIGHT RUNNING loop_a_close_fetch C:\DATASTORE\ml\overnight-runs\20260914T092423.869840Z
OVERNIGHT RUNNING loop_a_close_fetch C:\DATASTORE\ml\overnight-runs\20260914T092423.869840Z
OVERNIGHT RUNNING loop_a_close_fetch C:\DATASTORE\ml\overnight-runs\20260914T092423.869840Z
OVERNIGHT RUNNING loop_a_close_fetch C:\DATASTORE\ml\overnight-runs\20260914T092423.869840Z
OVERNIGHT RUNNING loop_a_close_fetch C:\DATASTORE\ml\overnight-runs\20260914T092423.869840Z
OVERNIGHT RUNNING loop_a_close_fetch C:\DATASTORE\ml\overnight-runs\20260914T092423.869840Z
OVERNIGHT RUNNING loop_a_close_fetch C:\DATASTORE\ml\overnight-runs\20260914T092423.869840Z
OVERNIGHT RUNNING loop_a_close_fetch C:\DATASTORE\ml\overnight-runs\20260914T092423.869840Z
OVERNIGHT RUNNING loop_a_close_fetch C:\DATASTORE\ml\overnight-runs\20260914T092423.869840Z
OVERNIGHT RUNNING loop_a_close_fetch C:\DATASTORE\ml\overnight-runs\20260914T092423.869840Z
OVERNIGHT RUNNING loop_a_close_fetch C:\DATASTORE\ml\overnight-runs\20260914T092423.869840Z
OVERNIGHT RUNNING loop_a_close_fetch C:\DATASTORE\ml\overnight-runs\20260914T092423.869840Z
OVERNIGHT RUNNING loop_a_close_fetch C:\DATASTORE\ml\overnight-runs\20260914T092423.869840Z
OVERNIGHT RUNNING loop_a_close_fetch C:\DATASTORE\ml\overnight-runs\20260914T092423.869840Z
OVERNIGHT RUNNING loop_a_close_fetch C:\DATASTORE\ml\overnight-runs\20260914T092423.869840Z
OVERNIGHT RUNNING loop_a_close_fetch C:\DATASTORE\ml\overnight-runs\20260914T092423.869840Z
OVERNIGHT RUNNING loop_a_close_fetch C:\DATASTORE\ml\overnight-runs\20260914T092423.869840Z
OVERNIGHT RUNNING loop_a_close_fetch C:\DATASTORE\ml\overnight-runs\20260914T092423.869840Z
OVERNIGHT RUNNING loop_a_close_fetch C:\DATASTORE\ml\overnight-runs\20260914T092423.869840Z
OVERNIGHT RUNNING loop_a_close_fetch C:\DATASTORE\ml\overnight-runs\20260914T092423.869840Z
OVERNIGHT RUNNING loop_a_close_fetch C:\DATASTORE\ml\overnight-runs\20260914T092423.869840Z
OVERNIGHT RUNNING loop_a_close_fetch C:\DATASTORE\ml\overnight-runs\20260914T092423.869840Z
OVERNIGHT RUNNING loop_a_close_fetch C:\DATASTORE\ml\overnight-runs\20260914T092423.869840Z
OVERNIGHT RUNNING loop_a_close_fetch C:\DATASTORE\ml\overnight-runs\20260914T092423.869840Z
OVERNIGHT RUNNING loop_a_close_fetch C:\DATASTORE\ml\overnight-runs\20260914T092423.869840Z
OVERNIGHT RUNNING loop_a_close_fetch C:\DATASTORE\ml\overnight-runs\20260914T092423.869840Z
OVERNIGHT RUNNING loop_a_close_fetch C:\DATASTORE\ml\overnight-runs\20260914T092423.869840Z
OVERNIGHT RUNNING loop_a_close_fetch C:\DATASTORE\ml\overnight-runs\20260914T092423.869840Z
OVERNIGHT RUNNING loop_a_close_fetch C:\DATASTORE\ml\overnight-runs\20260914T092423.869840Z
OVERNIGHT RUNNING loop_a_close_fetch C:\DATASTORE\ml\overnight-runs\20260914T092423.869840Z
OVERNIGHT RUNNING loop_a_close_fetch C:\DATASTORE\ml\overnight-runs\20260914T092423.869840Z
OVERNIGHT RUNNING loop_a_close_fetch C:\DATASTORE\ml\overnight-runs\20260914T092423.869840Z
OVERNIGHT RUNNING loop_a_close_fetch C:\DATASTORE\ml\overnight-runs\20260914T092423.869840Z
OVERNIGHT RUNNING loop_a_close_fetch C:\DATASTORE\ml\overnight-runs\20260914T092423.869840Z
OVERNIGHT RUNNING loop_a_close_fetch C:\DATASTORE\ml\overnight-runs\20260914T092423.869840Z
OVERNIGHT RUNNING loop_a_close_fetch C:\DATASTORE\ml\overnight-runs\20260914T092423.869840Z
OVERNIGHT RUNNING loop_a_close_fetch C:\DATASTORE\ml\overnight-runs\20260914T092423.869840Z
OVERNIGHT RUNNING loop_a_close_fetch C:\DATASTORE\ml\overnight-runs\20260914T092423.869840Z
OVERNIGHT RUNNING loop_a_close_fetch C:\DATASTORE\ml\overnight-runs\20260914T092423.869840Z
OVERNIGHT RUNNING loop_a_close_fetch C:\DATASTORE\ml\overnight-runs\20260914T092423.869840Z
OVERNIGHT RUNNING loop_a_close_fetch C:\DATASTORE\ml\overnight-runs\20260914T092423.869840Z
OVERNIGHT RUNNING loop_a_close_fetch C:\DATASTORE\ml\overnight-runs\20260914T092423.869840Z
OVERNIGHT RUNNING loop_a_close_fetch C:\DATASTORE\ml\overnight-runs\20260914T092423.869840Z
OVERNIGHT RUNNING loop_a_close_fetch C:\DATASTORE\ml\overnight-runs\20260914T092423.869840Z
OVERNIGHT RUNNING loop_a_close_fetch C:\DATASTORE\ml\overnight-runs\20260914T092423.869840Z
OVERNIGHT RUNNING loop_a_close_fetch C:\DATASTORE\ml\overnight-runs\20260914T092423.869840Z
OVERNIGHT RUNNING loop_a_close_fetch C:\DATASTORE\ml\overnight-runs\20260914T092423.869840Z
OVERNIGHT RUNNING loop_a_close_fetch C:\DATASTORE\ml\overnight-runs\20260914T092423.869840Z
OVERNIGHT RUNNING loop_a_close_fetch C:\DATASTORE\ml\overnight-runs\20260914T092423.869840Z
OVERNIGHT RUNNING loop_a_close_fetch C:\DATASTORE\ml\overnight-runs\20260914T092423.869840Z
OVERNIGHT RUNNING loop_a_close_fetch C:\DATASTORE\ml\overnight-runs\20260914T092423.869840Z
OVERNIGHT RUNNING loop_a_close_fetch C:\DATASTORE\ml\overnight-runs\20260914T092423.869840Z
OVERNIGHT RUNNING loop_a_close_fetch C:\DATASTORE\ml\overnight-runs\20260914T092423.869840Z
OVERNIGHT RUNNING loop_b_directional_generation C:\DATASTORE\ml\overnight-runs\20260914T092423.869840Z
OVERNIGHT RUNNING loop_b_directional_generation C:\DATASTORE\ml\overnight-runs\20260914T092423.869840Z
OVERNIGHT RUNNING loop_b_directional_generation C:\DATASTORE\ml\overnight-runs\20260914T092423.869840Z
OVERNIGHT RUNNING loop_b_directional_generation C:\DATASTORE\ml\overnight-runs\20260914T092423.869840Z
OVERNIGHT RUNNING loop_b_directional_generation C:\DATASTORE\ml\overnight-runs\20260914T092423.869840Z
OVERNIGHT RUNNING loop_b_directional_generation C:\DATASTORE\ml\overnight-runs\20260914T092423.869840Z
OVERNIGHT RUNNING loop_b_directional_generation C:\DATASTORE\ml\overnight-runs\20260914T092423.869840Z
OVERNIGHT RUNNING loop_b_directional_generation C:\DATASTORE\ml\overnight-runs\20260914T092423.869840Z
OVERNIGHT RUNNING loop_b_directional_generation C:\DATASTORE\ml\overnight-runs\20260914T092423.869840Z
OVERNIGHT RUNNING loop_b_directional_generation C:\DATASTORE\ml\overnight-runs\20260914T092423.869840Z
OVERNIGHT RUNNING loop_b_directional_generation C:\DATASTORE\ml\overnight-runs\20260914T092423.869840Z
OVERNIGHT RUNNING loop_b_directional_generation C:\DATASTORE\ml\overnight-runs\20260914T092423.869840Z
OVERNIGHT RUNNING loop_b_directional_generation C:\DATASTORE\ml\overnight-runs\20260914T092423.869840Z
OVERNIGHT RUNNING loop_b_directional_generation C:\DATASTORE\ml\overnight-runs\20260914T092423.869840Z
OVERNIGHT RUNNING loop_b_directional_generation C:\DATASTORE\ml\overnight-runs\20260914T092423.869840Z
OVERNIGHT RUNNING loop_b_directional_generation C:\DATASTORE\ml\overnight-runs\20260914T092423.869840Z
OVERNIGHT RUNNING loop_b_directional_generation C:\DATASTORE\ml\overnight-runs\20260914T092423.869840Z
OVERNIGHT RUNNING loop_b_directional_generation C:\DATASTORE\ml\overnight-runs\20260914T092423.869840Z
OVERNIGHT RUNNING loop_b_directional_generation C:\DATASTORE\ml\overnight-runs\20260914T092423.869840Z
OVERNIGHT RUNNING loop_b_directional_generation C:\DATASTORE\ml\overnight-runs\20260914T092423.869840Z
OVERNIGHT RUNNING loop_b_directional_generation C:\DATASTORE\ml\overnight-runs\20260914T092423.869840Z
OVERNIGHT RUNNING loop_b_directional_generation C:\DATASTORE\ml\overnight-runs\20260914T092423.869840Z
OVERNIGHT RUNNING loop_b_directional_generation C:\DATASTORE\ml\overnight-runs\20260914T092423.869840Z
OVERNIGHT RUNNING loop_b_directional_generation C:\DATASTORE\ml\overnight-runs\20260914T092423.869840Z
OVERNIGHT RUNNING loop_b_directional_generation C:\DATASTORE\ml\overnight-runs\20260914T092423.869840Z
OVERNIGHT RUNNING loop_b_directional_generation C:\DATASTORE\ml\overnight-runs\20260914T092423.869840Z
OVERNIGHT RUNNING loop_b_directional_generation C:\DATASTORE\ml\overnight-runs\20260914T092423.869840Z
OVERNIGHT RUNNING loop_b_directional_generation C:\DATASTORE\ml\overnight-runs\20260914T092423.869840Z
OVERNIGHT RUNNING loop_b_directional_generation C:\DATASTORE\ml\overnight-runs\20260914T092423.869840Z
OVERNIGHT RUNNING loop_b_directional_generation C:\DATASTORE\ml\overnight-runs\20260914T092423.869840Z
OVERNIGHT RUNNING loop_b_directional_generation C:\DATASTORE\ml\overnight-runs\20260914T092423.869840Z
OVERNIGHT RUNNING loop_b_directional_generation C:\DATASTORE\ml\overnight-runs\20260914T092423.869840Z
OVERNIGHT RUNNING loop_b_directional_generation C:\DATASTORE\ml\overnight-runs\20260914T092423.869840Z
OVERNIGHT RUNNING loop_b_directional_generation C:\DATASTORE\ml\overnight-runs\20260914T092423.869840Z
OVERNIGHT RUNNING loop_b_directional_generation C:\DATASTORE\ml\overnight-runs\20260914T092423.869840Z
OVERNIGHT RUNNING loop_b_directional_generation C:\DATASTORE\ml\overnight-runs\20260914T092423.869840Z
OVERNIGHT RUNNING loop_b_directional_generation C:\DATASTORE\ml\overnight-runs\20260914T092423.869840Z
OVERNIGHT RUNNING loop_b_directional_generation C:\DATASTORE\ml\overnight-runs\20260914T092423.869840Z
OVERNIGHT RUNNING loop_b_directional_generation C:\DATASTORE\ml\overnight-runs\20260914T092423.869840Z
OVERNIGHT RUNNING loop_b_directional_generation C:\DATASTORE\ml\overnight-runs\20260914T092423.869840Z
OVERNIGHT RUNNING loop_b_directional_generation C:\DATASTORE\ml\overnight-runs\20260914T092423.869840Z
OVERNIGHT RUNNING loop_b_directional_generation C:\DATASTORE\ml\overnight-runs\20260914T092423.869840Z
OVERNIGHT RUNNING loop_b_directional_generation C:\DATASTORE\ml\overnight-runs\20260914T092423.869840Z
OVERNIGHT RUNNING loop_b_directional_generation C:\DATASTORE\ml\overnight-runs\20260914T092423.869840Z
OVERNIGHT RUNNING loop_b_directional_generation C:\DATASTORE\ml\overnight-runs\20260914T092423.869840Z
OVERNIGHT RUNNING loop_b_directional_generation C:\DATASTORE\ml\overnight-runs\20260914T092423.869840Z
OVERNIGHT RUNNING loop_b_directional_generation C:\DATASTORE\ml\overnight-runs\20260914T092423.869840Z
OVERNIGHT RUNNING loop_b_directional_generation C:\DATASTORE\ml\overnight-runs\20260914T092423.869840Z
OVERNIGHT RUNNING loop_b_directional_generation C:\DATASTORE\ml\overnight-runs\20260914T092423.869840Z
OVERNIGHT RUNNING loop_b_directional_generation C:\DATASTORE\ml\overnight-runs\20260914T092423.869840Z
OVERNIGHT RUNNING loop_b_directional_generation C:\DATASTORE\ml\overnight-runs\20260914T092423.869840Z
OVERNIGHT RUNNING loop_b_directional_generation C:\DATASTORE\ml\overnight-runs\20260914T092423.869840Z
OVERNIGHT RUNNING loop_b_directional_generation C:\DATASTORE\ml\overnight-runs\20260914T092423.869840Z
OVERNIGHT RUNNING loop_b_directional_generation C:\DATASTORE\ml\overnight-runs\20260914T092423.869840Z
OVERNIGHT RUNNING loop_b_directional_generation C:\DATASTORE\ml\overnight-runs\20260914T092423.869840Z
OVERNIGHT RUNNING loop_b_directional_generation C:\DATASTORE\ml\overnight-runs\20260914T092423.869840Z
OVERNIGHT RUNNING loop_b_directional_generation C:\DATASTORE\ml\overnight-runs\20260914T092423.869840Z
OVERNIGHT RUNNING loop_b_directional_generation C:\DATASTORE\ml\overnight-runs\20260914T092423.869840Z
OVERNIGHT RUNNING loop_b_directional_generation C:\DATASTORE\ml\overnight-runs\20260914T092423.869840Z
OVERNIGHT RUNNING loop_b_directional_generation C:\DATASTORE\ml\overnight-runs\20260914T092423.869840Z
OVERNIGHT RUNNING loop_b_directional_generation C:\DATASTORE\ml\overnight-runs\20260914T092423.869840Z
OVERNIGHT RUNNING loop_b_directional_generation C:\DATASTORE\ml\overnight-runs\20260914T092423.869840Z
OVERNIGHT RUNNING loop_b_directional_generation C:\DATASTORE\ml\overnight-runs\20260914T092423.869840Z
OVERNIGHT RUNNING loop_b_directional_generation C:\DATASTORE\ml\overnight-runs\20260914T092423.869840Z
OVERNIGHT RUNNING loop_b_directional_generation C:\DATASTORE\ml\overnight-runs\20260914T092423.869840Z
OVERNIGHT RUNNING loop_b_directional_generation C:\DATASTORE\ml\overnight-runs\20260914T092423.869840Z
OVERNIGHT RUNNING loop_b_directional_generation C:\DATASTORE\ml\overnight-runs\20260914T092423.869840Z
OVERNIGHT RUNNING loop_b_directional_generation C:\DATASTORE\ml\overnight-runs\20260914T092423.869840Z
OVERNIGHT RUNNING loop_b_directional_generation C:\DATASTORE\ml\overnight-runs\20260914T092423.869840Z
OVERNIGHT RUNNING loop_b_directional_generation C:\DATASTORE\ml\overnight-runs\20260914T092423.869840Z
OVERNIGHT RUNNING loop_b_directional_generation C:\DATASTORE\ml\overnight-runs\20260914T092423.869840Z
OVERNIGHT RUNNING loop_b_directional_generation C:\DATASTORE\ml\overnight-runs\20260914T092423.869840Z
OVERNIGHT RUNNING loop_b_directional_generation C:\DATASTORE\ml\overnight-runs\20260914T092423.869840Z
OVERNIGHT RUNNING loop_b_directional_generation C:\DATASTORE\ml\overnight-runs\20260914T092423.869840Z
OVERNIGHT RUNNING loop_b_directional_generation C:\DATASTORE\ml\overnight-runs\20260914T092423.869840Z
OVERNIGHT RUNNING loop_b_directional_generation C:\DATASTORE\ml\overnight-runs\20260914T092423.869840Z
OVERNIGHT RUNNING loop_b_directional_generation C:\DATASTORE\ml\overnight-runs\20260914T092423.869840Z
OVERNIGHT RUNNING loop_b_directional_generation C:\DATASTORE\ml\overnight-runs\20260914T092423.869840Z
OVERNIGHT RUNNING loop_b_directional_generation C:\DATASTORE\ml\overnight-runs\20260914T092423.869840Z
OVERNIGHT RUNNING loop_b_directional_generation C:\DATASTORE\ml\overnight-runs\20260914T092423.869840Z
OVERNIGHT RUNNING loop_b_directional_generation C:\DATASTORE\ml\overnight-runs\20260914T092423.869840Z
OVERNIGHT RUNNING loop_b_directional_generation C:\DATASTORE\ml\overnight-runs\20260914T092423.869840Z
OVERNIGHT RUNNING loop_b_directional_generation C:\DATASTORE\ml\overnight-runs\20260914T092423.869840Z
OVERNIGHT RUNNING loop_b_directional_generation C:\DATASTORE\ml\overnight-runs\20260914T092423.869840Z
OVERNIGHT RUNNING loop_b_directional_generation C:\DATASTORE\ml\overnight-runs\20260914T092423.869840Z
OVERNIGHT RUNNING loop_b_directional_generation C:\DATASTORE\ml\overnight-runs\20260914T092423.869840Z
OVERNIGHT RUNNING loop_b_directional_generation C:\DATASTORE\ml\overnight-runs\20260914T092423.869840Z
OVERNIGHT RUNNING loop_b_directional_generation C:\DATASTORE\ml\overnight-runs\20260914T092423.869840Z
OVERNIGHT RUNNING loop_b_directional_generation C:\DATASTORE\ml\overnight-runs\20260914T092423.869840Z
OVERNIGHT RUNNING loop_b_directional_generation C:\DATASTORE\ml\overnight-runs\20260914T092423.869840Z
OVERNIGHT RUNNING loop_b_directional_generation C:\DATASTORE\ml\overnight-runs\20260914T092423.869840Z
OVERNIGHT RUNNING loop_b_directional_generation C:\DATASTORE\ml\overnight-runs\20260914T092423.869840Z
OVERNIGHT RUNNING loop_b_directional_generation C:\DATASTORE\ml\overnight-runs\20260914T092423.869840Z
OVERNIGHT RUNNING loop_b_directional_generation C:\DATASTORE\ml\overnight-runs\20260914T092423.869840Z
OVERNIGHT RUNNING loop_b_directional_generation C:\DATASTORE\ml\overnight-runs\20260914T092423.869840Z
OVERNIGHT RUNNING loop_b_directional_generation C:\DATASTORE\ml\overnight-runs\20260914T092423.869840Z
OVERNIGHT RUNNING loop_b_directional_generation C:\DATASTORE\ml\overnight-runs\20260914T092423.869840Z
OVERNIGHT RUNNING loop_b_directional_generation C:\DATASTORE\ml\overnight-runs\20260914T092423.869840Z
OVERNIGHT RUNNING loop_b_directional_generation C:\DATASTORE\ml\overnight-runs\20260914T092423.869840Z
OVERNIGHT RUNNING stock_target_history C:\DATASTORE\ml\overnight-runs\20260914T092423.869840Z
OVERNIGHT RUNNING stock_target_history C:\DATASTORE\ml\overnight-runs\20260914T092423.869840Z
OVERNIGHT RUNNING gameplan_evaluation C:\DATASTORE\ml\overnight-runs\20260914T092423.869840Z
OVERNIGHT RUNNING gameplan_evaluation C:\DATASTORE\ml\overnight-runs\20260914T092423.869840Z
OVERNIGHT RUNNING gameplan_publication C:\DATASTORE\ml\overnight-runs\20260914T092423.869840Z
OVERNIGHT RUNNING gameplan_publication C:\DATASTORE\ml\overnight-runs\20260914T092423.869840Z
OVERNIGHT RUNNING gameplan_publication C:\DATASTORE\ml\overnight-runs\20260914T092423.869840Z
OVERNIGHT RUNNING gameplan_publication C:\DATASTORE\ml\overnight-runs\20260914T092423.869840Z
OVERNIGHT RUNNING gameplan_publication C:\DATASTORE\ml\overnight-runs\20260914T092423.869840Z
OVERNIGHT RUNNING gameplan_publication C:\DATASTORE\ml\overnight-runs\20260914T092423.869840Z
OVERNIGHT RUNNING stock_enrichment_training C:\DATASTORE\ml\overnight-runs\20260914T092423.869840Z
OVERNIGHT RUNNING stock_enrichment_training C:\DATASTORE\ml\overnight-runs\20260914T092423.869840Z
OVERNIGHT RUNNING stock_enrichment_training C:\DATASTORE\ml\overnight-runs\20260914T092423.869840Z
OVERNIGHT FAILED gameplan_trade_planning C:\DATASTORE\ml\overnight-runs\20260914T092423.869840Z
Traceback (most recent call last):
  File "<frozen runpy>", line 198, in _run_module_as_main
  File "<frozen runpy>", line 88, in _run_code
  File "C:\dev\ducketz\datafetching\research_onboarding.py", line 589, in <module>
    raise SystemExit(main())
                     ~~~~^^
  File "C:\dev\ducketz\datafetching\research_onboarding.py", line 574, in main
    train_batch(path, batch, lost, resume_run=args.resume_run)
    ~~~~~~~~~~~^^^^^^^^^^^^^^^^^^^^^^^^^^^^^^^^^^^^^^^^^^^^^^^
  File "C:\dev\ducketz\datafetching\research_onboarding.py", line 362, in train_batch
    raise RuntimeError(f'Native overnight stage failed; inspect {path.parent / "overnight.log"} and resume the bound attempt')
RuntimeError: Native overnight stage failed; inspect C:\dev\ducketz\artifacts\analysis\research-onboarding-20260913\overnight.log and resume the bound attempt
